[{"departement":"ILLE ET VILAINE","ville":"ACIGNE","email":"mairie@ville-acigne.fr"},{"departement":"ILLE ET VILAINE","ville":"AMANLIS","email":"secretariat@mairie-amanlis.fr"},{"departement":"ILLE ET VILAINE","ville":"ANDOUILLE NEUVILLE","email":"andouilleneuville@free.fr"},{"departement":"ILLE ET VILAINE","ville":"ANTRAIN","email":"antrain@wanadoo.fr"},{"departement":"ILLE ET VILAINE","ville":"ARBRISSEL","email":"mairiearbrissel@laposte.net"},{"departement":"ILLE ET VILAINE","ville":"ARGENTRE DU PLESSIS","email":"mairie@argentre-du-plessis.fr"},{"departement":"ILLE ET VILAINE","ville":"AUBIGNE","email":"mairie.aubigne@wanadoo.fr"},{"departement":"ILLE ET VILAINE","ville":"AVAILLES SUR SEICHE","email":"availles.mairie@wanadoo.fr"},{"departement":"ILLE ET VILAINE","ville":"BAGUER MORVAN","email":"mairie.baguermorvan@wanadoo.fr"},{"departement":"ILLE ET VILAINE","ville":"BAGUER PICAN","email":"mairie.baguer.pican@wanadoo.fr"},{"departement":"ILLE ET VILAINE","ville":"BAILLE","email":"mairie.de.baille@wanadoo.fr"},{"departement":"ILLE ET VILAINE","ville":"BAIN DE BRETAGNE","email":"mairie.bain@wanadoo.fr"},{"departement":"ILLE ET VILAINE","ville":"BAINS SUR OUST","email":"bains-sur-oust@wanadoo.fr"},{"departement":"ILLE ET VILAINE","ville":"BAIS","email":"mairie-de-bais@wanadoo.fr"},{"departement":"ILLE ET VILAINE","ville":"BALAZE","email":"commune.balaze@wanadoo.fr"},{"departement":"ILLE ET VILAINE","ville":"BAULON","email":"mairie.baulon@wanadoo.fr"},{"departement":"ILLE ET VILAINE","ville":"BAZOUGES LA PEROUSE","email":"mairie.bazouges@wanadoo.fr"},{"departement":"ILLE ET VILAINE","ville":"BEAUCE","email":"mairie.de.beauce@orange.fr"},{"departement":"ILLE ET VILAINE","ville":"BECHEREL","email":"mairie-de-becherel@wanadoo.fr"},{"departement":"ILLE ET VILAINE","ville":"BEDEE","email":"mairie.bedee@wanadoo.fr"},{"departement":"ILLE ET VILAINE","ville":"BETTON","email":"mairie-info@ville-betton.fr"},{"departement":"ILLE ET VILAINE","ville":"BILLE","email":"communedebille@wanadoo.fr"},{"departement":"ILLE ET VILAINE","ville":"BLERUAIS","email":"mairiebleruais@wanadoo.fr"},{"departement":"ILLE ET VILAINE","ville":"BOISGERVILLY","email":"mairie-deboisgervilly@wanadoo.fr"},{"departement":"ILLE ET VILAINE","ville":"BOISTRUDAN","email":"mairieboistrudan@wanadoo.fr"},{"departement":"ILLE ET VILAINE","ville":"BONNEMAIN","email":"mairiebonnemain@wanadoo.fr"},{"departement":"ILLE ET VILAINE","ville":"BOURGBARRE","email":"mairie@bourgbarre.fr"},{"departement":"ILLE ET VILAINE","ville":"BOURG DES COMPTES","email":"mairie@bourgdescomptes.com"},{"departement":"ILLE ET VILAINE","ville":"BOVEL","email":"mairiedebovel@wanadoo.fr"},{"departement":"ILLE ET VILAINE","ville":"BREAL SOUS MONTFORT","email":"mairie@brealsousmontfort.fr"},{"departement":"ILLE ET VILAINE","ville":"BREAL SOUS VITRE","email":"mairie.brealsv@wanadoo.fr"},{"departement":"ILLE ET VILAINE","ville":"BRECE","email":"accueil@mairie-brece.fr"},{"departement":"ILLE ET VILAINE","ville":"BRETEIL","email":"mairie@breteil.fr"},{"departement":"ILLE ET VILAINE","ville":"BRIE","email":"mairiebrie@wanadoo.fr"},{"departement":"ILLE ET VILAINE","ville":"BRIELLES","email":"brielles.mairie@wanadoo.fr"},{"departement":"ILLE ET VILAINE","ville":"BROUALAN","email":"mairie.broualan@wanadoo.fr"},{"departement":"ILLE ET VILAINE","ville":"BRUC SUR AFF","email":"mairie.bruc-sur-aff@wanadoo.fr"},{"departement":"ILLE ET VILAINE","ville":"BRUZ","email":"mairie@ville-bruz.fr"},{"departement":"ILLE ET VILAINE","ville":"CAMPEL","email":"mairie.campel@wanadoo.fr"},{"departement":"ILLE ET VILAINE","ville":"CANCALE","email":"mairie@ville-cancale.fr"},{"departement":"ILLE ET VILAINE","ville":"CARDROC","email":"mairiecardroc@wanadoo.fr"},{"departement":"ILLE ET VILAINE","ville":"CESSON SEVIGNE","email":"michel.bihan@ville-cesson-sevigne.fr"},{"departement":"ILLE ET VILAINE","ville":"CHAMPEAUX","email":"champeau3@wanadoo.fr"},{"departement":"ILLE ET VILAINE","ville":"CHANCE","email":"mairie.chance@wanadoo.fr"},{"departement":"ILLE ET VILAINE","ville":"CHANTELOUP","email":"mairie.chanteloup35@wanadoo.fr"},{"departement":"ILLE ET VILAINE","ville":"CHANTEPIE","email":"communication@ville-chantepie.fr"},{"departement":"ILLE ET VILAINE","ville":"CHARTRES DE BRETAGNE","email":"commune@ville-chartresdebretagne.fr"},{"departement":"ILLE ET VILAINE","ville":"CHASNE SUR ILLET","email":"mairiechasnesurillet@wanadoo.fr"},{"departement":"ILLE ET VILAINE","ville":"CHATEAUBOURG","email":"mairie@chateaubourg.fr"},{"departement":"ILLE ET VILAINE","ville":"CHATEAUGIRON","email":"contact@ville-chateaugiron.fr"},{"departement":"ILLE ET VILAINE","ville":"CHATEAUNEUF D ILLE ET VILAINE","email":"mairie.chateauneuf35@fr.oleane.com"},{"departement":"ILLE ET VILAINE","ville":"CHATILLON EN VENDELAIS","email":"secretariat.mairie@chatillon-en-vendelais.fr"},{"departement":"ILLE ET VILAINE","ville":"CHAUVIGNE","email":"mairie.chauvigne@wanadoo.fr"},{"departement":"ILLE ET VILAINE","ville":"CHAVAGNE","email":"mairie@ville-chavagne.fr"},{"departement":"ILLE ET VILAINE","ville":"CHELUN","email":"mairie.chelun@wanadoo.fr"},{"departement":"ILLE ET VILAINE","ville":"CHERRUEIX","email":"mairie.cherrueix@wanadoo.fr"},{"departement":"ILLE ET VILAINE","ville":"CHEVAIGNE","email":"info@ville-chevaigne.fr"},{"departement":"ILLE ET VILAINE","ville":"CINTRE","email":"mairie.cintre@ville-cintre.fr"},{"departement":"ILLE ET VILAINE","ville":"CLAYES","email":"mairie-de-clayes@wanadoo.fr"},{"departement":"ILLE ET VILAINE","ville":"COESMES","email":"mairiecoesmes@wanadoo.fr"},{"departement":"ILLE ET VILAINE","ville":"COGLES","email":"mairie.de.cogles@wanadoo.fr"},{"departement":"ILLE ET VILAINE","ville":"COMBLESSAC","email":"mairie.comblessac@wanadoo.fr"},{"departement":"ILLE ET VILAINE","ville":"COMBOURG","email":"contact@combourg.com"},{"departement":"ILLE ET VILAINE","ville":"COMBOURTILLE","email":"mairie.combourtille35@wanadoo.fr"},{"departement":"ILLE ET VILAINE","ville":"CORNILLE","email":"commune.cornille@orange.fr"},{"departement":"ILLE ET VILAINE","ville":"CORPS NUDS","email":"mairie@corps-nuds.fr"},{"departement":"ILLE ET VILAINE","ville":"CREVIN","email":"mairie.crevin@wanadoo.fr"},{"departement":"ILLE ET VILAINE","ville":"CUGUEN","email":"mairie.cuguen@wanadoo.fr"},{"departement":"ILLE ET VILAINE","ville":"DINARD","email":"communication@ville-dinard.fr"},{"departement":"ILLE ET VILAINE","ville":"DINGE","email":"mairie@dinge.fr"},{"departement":"ILLE ET VILAINE","ville":"DOL DE BRETAGNE","email":"mairie-dol@wanadoo.fr"},{"departement":"ILLE ET VILAINE","ville":"DOMAGNE","email":"mairie.domagne@wanadoo.fr"},{"departement":"ILLE ET VILAINE","ville":"DOMALAIN","email":"mairie@domalain.fr"},{"departement":"ILLE ET VILAINE","ville":"DOMLOUP","email":"mairie@domloup.fr"},{"departement":"ILLE ET VILAINE","ville":"DOMPIERRE DU CHEMIN","email":"mairiedompierreduchemin@wanadoo.fr"},{"departement":"ILLE ET VILAINE","ville":"DOURDAIN","email":"mairie.dourdain@wanadoo.fr"},{"departement":"ILLE ET VILAINE","ville":"DROUGES","email":"mairiededrouge@wanadoo.fr"},{"departement":"ILLE ET VILAINE","ville":"EANCE","email":"mairie.eance@wanadoo.fr"},{"departement":"ILLE ET VILAINE","ville":"EPINIAC","email":"mairie.epiniac@wanadoo.fr"},{"departement":"ILLE ET VILAINE","ville":"ERBREE","email":"mairie.erbree@wanadoo.fr"},{"departement":"ILLE ET VILAINE","ville":"ERCE EN LAMEE","email":"mairie.erce@wanadoo.fr"},{"departement":"ILLE ET VILAINE","ville":"ERCE PRES LIFFRE","email":"mairie@ercepresliffre.fr"},{"departement":"ILLE ET VILAINE","ville":"ESSE","email":"mairie.esse35@megalis.org"},{"departement":"ILLE ET VILAINE","ville":"ETRELLES","email":"mairie.etrelles@wanadoo.fr"},{"departement":"ILLE ET VILAINE","ville":"FEINS","email":"feins@wanadoo.fr"},{"departement":"ILLE ET VILAINE","ville":"FLEURIGNE","email":"mairie.fleurigne35@wanadoo.fr"},{"departement":"ILLE ET VILAINE","ville":"FORGES LA FORET","email":"mairie.forgeslaforet@orange.fr"},{"departement":"ILLE ET VILAINE","ville":"FOUGERES","email":"mairie@fougeres.fr"},{"departement":"ILLE ET VILAINE","ville":"GAEL","email":"mairie.gael@wanadoo.fr"},{"departement":"ILLE ET VILAINE","ville":"GAHARD","email":"gahard@wanadoo.fr"},{"departement":"ILLE ET VILAINE","ville":"GENNES SUR SEICHE","email":""},{"departement":"ILLE ET VILAINE","ville":"GEVEZE","email":"mairie.de.geveze@wanadoo.fr"},{"departement":"ILLE ET VILAINE","ville":"GOSNE","email":"mairie-de-gosne@wanadoo.fr"},{"departement":"ILLE ET VILAINE","ville":"GOVEN","email":"mairie@mairie-goven.fr"},{"departement":"ILLE ET VILAINE","ville":"GRAND FOUGERAY","email":"mairie-grand-fougeray@wanadoo.fr"},{"departement":"ILLE ET VILAINE","ville":"GUICHEN","email":"accueil@ville-guichenpontrean.fr"},{"departement":"ILLE ET VILAINE","ville":"GUIGNEN","email":"mairie.guignen@wanadoo.fr"},{"departement":"ILLE ET VILAINE","ville":"GUIPEL","email":"mairie.guipel@wanadoo.fr"},{"departement":"ILLE ET VILAINE","ville":"GUIPRY","email":"mairie.guipry@fr.oleane.com"},{"departement":"ILLE ET VILAINE","ville":"HEDE","email":"mairie-de-hede@wanadoo.fr"},{"departement":"ILLE ET VILAINE","ville":"HIREL","email":"mairie.hirel@wanadoo.fr"},{"departement":"ILLE ET VILAINE","ville":"IFFENDIC","email":"mairie@iffendic.com"},{"departement":"ILLE ET VILAINE","ville":"IRODOUER","email":"commune.irodouer@wanadoo.fr"},{"departement":"ILLE ET VILAINE","ville":"JANZE","email":"mairie-janze@megalis.org"},{"departement":"ILLE ET VILAINE","ville":"JAVENE","email":"mairie-javene@wanadoo.fr"},{"departement":"ILLE ET VILAINE","ville":"LA BAUSSAINE","email":"mairie-labaussaine@wanadoo.fr"},{"departement":"ILLE ET VILAINE","ville":"LA BAZOUGE DU DESERT","email":"mairie.bazougedudesert@wanadoo.fr"},{"departement":"ILLE ET VILAINE","ville":"LA BOSSE DE BRETAGNE","email":"mairie.labosse@wanadoo.fr"},{"departement":"ILLE ET VILAINE","ville":"LA BOUEXIERE","email":"mairie.la.bouexiere@wanadoo.fr"},{"departement":"ILLE ET VILAINE","ville":"LA BOUSSAC","email":"mairie.boussac@wanadoo.fr"},{"departement":"ILLE ET VILAINE","ville":"LA CHAPELLE AUX FILTZMEENS","email":"mairie.chapelle-filtzmeens@wanadoo.fr"},{"departement":"ILLE ET VILAINE","ville":"LA CHAPELLE BOUEXIC","email":"mairie.de.la.chapelle.bouexic@wanadoo.fr"},{"departement":"ILLE ET VILAINE","ville":"LA CHAPELLE CHAUSSEE","email":"mairie@lachapellechaussee.com"},{"departement":"ILLE ET VILAINE","ville":"LA CHAPELLE DE BRAIN","email":"mairie.la-chapelle-de-brain@wanadoo.fr"},{"departement":"ILLE ET VILAINE","ville":"LA CHAPELLE DES FOUGERETZ","email":"mairie.la.chapelle.des.fougeretz@wanadoo.fr"},{"departement":"ILLE ET VILAINE","ville":"LA CHAPELLE DU LOU","email":"mairiechapellelou@wanadoo.fr"},{"departement":"ILLE ET VILAINE","ville":"LA CHAPELLE ERBREE","email":"mairie.lachapelle-erbree@wanadoo.fr"},{"departement":"ILLE ET VILAINE","ville":"LA CHAPELLE JANSON","email":"mairie.chapjanson@wanadoo.fr"},{"departement":"ILLE ET VILAINE","ville":"LA CHAPELLE SAINT AUBERT","email":"la.chapelle.saint.aubert@wanadoo.fr"},{"departement":"ILLE ET VILAINE","ville":"LA CHAPELLE THOUARAULT","email":"mairie.la.chapelle.thouarault@wanadoo.fr"},{"departement":"ILLE ET VILAINE","ville":"LA COUYERE","email":"mairie.lacouyere@wanadoo.fr"},{"departement":"ILLE ET VILAINE","ville":"LA DOMINELAIS","email":"ladominelais-mairie@wanadoo.fr"},{"departement":"ILLE ET VILAINE","ville":"LA FONTENELLE","email":"mairie.lafontenelle@wanadoo.fr"},{"departement":"ILLE ET VILAINE","ville":"LA FRESNAIS","email":"maire@mairie-la-fresnais.fr"},{"departement":"ILLE ET VILAINE","ville":"LA GOUESNIERE","email":"contact@lagouesniere.fr"},{"departement":"ILLE ET VILAINE","ville":"LA GUERCHE DE BRETAGNE","email":""},{"departement":"ILLE ET VILAINE","ville":"LAIGNELET","email":"mairie-laignelet@wanadoo.fr"},{"departement":"ILLE ET VILAINE","ville":"LAILLE","email":"mairie.laille@wanadoo.fr"},{"departement":"ILLE ET VILAINE","ville":"LALLEU","email":"mairie.lalleu@wanadoo.fr"},{"departement":"ILLE ET VILAINE","ville":"LA MEZIERE","email":"mairie@lameziere.fr"},{"departement":"ILLE ET VILAINE","ville":"LANDAVRAN","email":"mairiedelandavran@wanadoo.fr"},{"departement":"ILLE ET VILAINE","ville":"LANDEAN","email":"mairie.landean@wanadoo.fr"},{"departement":"ILLE ET VILAINE","ville":"LANDUJAN","email":"mairie-de-landujan@wanadoo.fr"},{"departement":"ILLE ET VILAINE","ville":"LANGAN","email":"mairie-de-langan@wanadoo.fr"},{"departement":"ILLE ET VILAINE","ville":"LANGON","email":"mairie@ville-langon.fr"},{"departement":"ILLE ET VILAINE","ville":"LANGOUET","email":"MAIRIE-DE-LANGOUET@wanadoo.fr"},{"departement":"ILLE ET VILAINE","ville":"LANHELIN","email":"mairielanhelin@wanadoo.fr"},{"departement":"ILLE ET VILAINE","ville":"LA NOE BLANCHE","email":"mairielanoeblanche@wanadoo.fr"},{"departement":"ILLE ET VILAINE","ville":"LA NOUAYE","email":"mairie.lanouaye@wanadoo.fr"},{"departement":"ILLE ET VILAINE","ville":"LANRIGAN","email":"mairiedelanrigan@wanadoo.fr"},{"departement":"ILLE ET VILAINE","ville":"LA RICHARDAIS","email":"info@ville-larichardais.fr"},{"departement":"ILLE ET VILAINE","ville":"LA SELLE EN COGLES","email":"mairie.laselle.cogles@wanadoo.fr"},{"departement":"ILLE ET VILAINE","ville":"LA SELLE EN LUITRE","email":"mairielaselleenluitre@wanadoo.fr"},{"departement":"ILLE ET VILAINE","ville":"LA SELLE GUERCHAISE","email":"mairie.la.selle.guerchaise@megalis.org"},{"departement":"ILLE ET VILAINE","ville":"LASSY","email":"mairie.lassy@wanadoo.fr"},{"departement":"ILLE ET VILAINE","ville":"LA VILLE ES NONAIS","email":"mairie.es.nonais@wanadoo.fr"},{"departement":"ILLE ET VILAINE","ville":"LE CHATELLIER","email":"lechatellier.mairie@wanadoo.fr"},{"departement":"ILLE ET VILAINE","ville":"LECOUSSE","email":"mairie@lecousse.fr"},{"departement":"ILLE ET VILAINE","ville":"LE CROUAIS","email":"mairie.lecrouais@wanadoo.fr"},{"departement":"ILLE ET VILAINE","ville":"LE FERRE","email":"mairie.le.ferre@wanadoo.fr"},{"departement":"ILLE ET VILAINE","ville":"LE LOROUX","email":"mairie.leloroux.35@wanadoo.fr"},{"departement":"ILLE ET VILAINE","ville":"LE LOU DU LAC","email":"mairieleloudulac@wanadoo.fr"},{"departement":"ILLE ET VILAINE","ville":"LE MINIHIC SUR RANCE","email":"mairie.minihic@wanadoo.fr"},{"departement":"ILLE ET VILAINE","ville":"LE PERTRE","email":"mairielepertre@lepertre.fr"},{"departement":"ILLE ET VILAINE","ville":"LE PETIT FOUGERAY","email":"mairiepetitfougeray@orange.fr"},{"departement":"ILLE ET VILAINE","ville":"LE RHEU","email":"mairie@ville-lerheu.fr"},{"departement":"ILLE ET VILAINE","ville":"LES BRULAIS","email":"mairie.les.brulais@wanadoo.fr"},{"departement":"ILLE ET VILAINE","ville":"LE SEL DE BRETAGNE","email":"mairie.seldebretagne@wanadoo.fr"},{"departement":"ILLE ET VILAINE","ville":"LES IFFS","email":"mairielesiffs@wanadoo.fr"},{"departement":"ILLE ET VILAINE","ville":"LE THEIL DE BRETAGNE","email":"mairie.letheildebretagne@wanadoo.fr"},{"departement":"ILLE ET VILAINE","ville":"LE TIERCENT","email":"mairie.letiercent@wanadoo.fr"},{"departement":"ILLE ET VILAINE","ville":"LE TRONCHET","email":"mairie-du-tronchet@wanadoo.fr"},{"departement":"ILLE ET VILAINE","ville":"LE VERGER","email":"contact@mairie-le-verger.fr"},{"departement":"ILLE ET VILAINE","ville":"LE VIVIER SUR MER","email":"mairie.le.vivier@wanadoo.fr"},{"departement":"ILLE ET VILAINE","ville":"L HERMITAGE","email":"accueil@mairie-lhermitage.fr"},{"departement":"ILLE ET VILAINE","ville":"LIEURON","email":"mairie.lieuron@orange.fr"},{"departement":"ILLE ET VILAINE","ville":"LIFFRE","email":"contact@ville-liffre.fr"},{"departement":"ILLE ET VILAINE","ville":"LILLEMER","email":"communedelillemer@orange.fr"},{"departement":"ILLE ET VILAINE","ville":"LIVRE SUR CHANGEON","email":"mairie.livresurchangeon@wanadoo.fr"},{"departement":"ILLE ET VILAINE","ville":"LOHEAC","email":"mairie.loheac@wanadoo.fr"},{"departement":"ILLE ET VILAINE","ville":"LONGAULNAY","email":"communedelongaulnay@wanadoo.fr"},{"departement":"ILLE ET VILAINE","ville":"LOURMAIS","email":"mairie.lourmais@wanadoo.fr"},{"departement":"ILLE ET VILAINE","ville":"LOUTEHEL","email":"mairie.loutehel@wanadoo.fr"},{"departement":"ILLE ET VILAINE","ville":"LOUVIGNE DE BAIS","email":"mairie.louvignedebais@wanadoo.fr"},{"departement":"ILLE ET VILAINE","ville":"LOUVIGNE DU DESERT","email":"louvigne-du-desert@wanadoo.fr"},{"departement":"ILLE ET VILAINE","ville":"LUITRE","email":"mairie.luitre@wanadoo.fr"},{"departement":"ILLE ET VILAINE","ville":"MARCILLE RAOUL","email":"marcille-raoul@wanadoo.fr"},{"departement":"ILLE ET VILAINE","ville":"MARCILLE ROBERT","email":"mairie.marcille-robert@wanadoo.fr"},{"departement":"ILLE ET VILAINE","ville":"MARPIRE","email":"marpire@wanadoo.fr"},{"departement":"ILLE ET VILAINE","ville":"MARTIGNE FERCHAUD","email":"mairie-de-martigne-ferchaud@wanadoo.fr"},{"departement":"ILLE ET VILAINE","ville":"MAURE DE BRETAGNE","email":"mairie.maure@wanadoo.fr"},{"departement":"ILLE ET VILAINE","ville":"MAXENT","email":"Mairie.Maxent@wanadoo.fr"},{"departement":"ILLE ET VILAINE","ville":"MECE","email":"mairie.mece@wanadoo.fr"},{"departement":"ILLE ET VILAINE","ville":"MEDREAC","email":"mairie.de.medreac@wanadoo.fr"},{"departement":"ILLE ET VILAINE","ville":"MEILLAC","email":"mairie.meillac@wanadoo.fr"},{"departement":"ILLE ET VILAINE","ville":"MELESSE","email":"mairie.melesse@wanadoo.fr"},{"departement":"ILLE ET VILAINE","ville":"MELLE","email":"melle.mairie@wanadoo.fr"},{"departement":"ILLE ET VILAINE","ville":"MERNEL","email":"mairie.mernel@wanadoo.fr"},{"departement":"ILLE ET VILAINE","ville":"MESSAC","email":"mairie.messac.35@wanadoo.fr"},{"departement":"ILLE ET VILAINE","ville":"MEZIERES SUR COUESNON","email":"commune-de-mezieres-sur-couesnon@wanadoo.fr"},{"departement":"ILLE ET VILAINE","ville":"MINIAC MORVAN","email":"mairie@mairie-miniac-morvan.fr"},{"departement":"ILLE ET VILAINE","ville":"MINIAC SOUS BECHEREL","email":"secretariat.miniac@wanadoo.fr"},{"departement":"ILLE ET VILAINE","ville":"MONDEVERT","email":"commune.mondevert@laposte.net"},{"departement":"ILLE ET VILAINE","ville":"MONTAUBAN DE BRETAGNE","email":"accueil@mairie-montaubandebretagne.fr"},{"departement":"ILLE ET VILAINE","ville":"MONTAUTOUR","email":"mairie.montautour@wanadoo.fr"},{"departement":"ILLE ET VILAINE","ville":"MONT DOL","email":"mairie.mont.dol@wanadoo.fr"},{"departement":"ILLE ET VILAINE","ville":"MONTERFIL","email":"mairie.monterfil@wanadoo.fr"},{"departement":"ILLE ET VILAINE","ville":"MONTFORT SUR MEU","email":"mairie@montfort-sur-meu.fr"},{"departement":"ILLE ET VILAINE","ville":"MONTGERMONT","email":"mairie@ville-montgermont.fr"},{"departement":"ILLE ET VILAINE","ville":"MONTHAULT","email":"mairie.monthault@wanadoo.fr"},{"departement":"ILLE ET VILAINE","ville":"MONTOURS","email":"mairie-de-montours@wanadoo.fr"},{"departement":"ILLE ET VILAINE","ville":"MONTREUIL DES LANDES","email":"mairie.montreuildeslandes@wanadoo.fr"},{"departement":"ILLE ET VILAINE","ville":"MONTREUIL LE GAST","email":"montreuil-le-gast@wanadoo.fr"},{"departement":"ILLE ET VILAINE","ville":"MONTREUIL SOUS PEROUSE","email":"mairie.montreuilperouse@wanadoo.fr"},{"departement":"ILLE ET VILAINE","ville":"MONTREUIL SUR ILLE","email":"Montreuil-sur-Ille@wanadoo.fr"},{"departement":"ILLE ET VILAINE","ville":"MORDELLES","email":"Mairie@ville-mordelles.fr"},{"departement":"ILLE ET VILAINE","ville":"MOUAZE","email":"mouaze@wanadoo.fr"},{"departement":"ILLE ET VILAINE","ville":"MOULINS","email":"mairie.moulins@wanadoo.fr"},{"departement":"ILLE ET VILAINE","ville":"MOUSSE","email":"mairiemousse@orange.fr"},{"departement":"ILLE ET VILAINE","ville":"MOUTIERS","email":"mairie-de-moutiers@wanadoo.fr"},{"departement":"ILLE ET VILAINE","ville":"MUEL","email":"mairie-de-muel@wanadoo.fr"},{"departement":"ILLE ET VILAINE","ville":"NOUVOITOU","email":"commune.nouvoitou@wanadoo.fr"},{"departement":"ILLE ET VILAINE","ville":"NOYAL CHATILLON SUR SEICHE","email":"mairie@ville-noyal-chatillon.fr"},{"departement":"ILLE ET VILAINE","ville":"NOYAL SOUS BAZOUGES","email":"mairie.noyal@wanadoo.fr"},{"departement":"ILLE ET VILAINE","ville":"NOYAL SUR VILAINE","email":"mairie@ville-noyalsurvilaine.fr"},{"departement":"ILLE ET VILAINE","ville":"ORGERES","email":"mairie.orgeres@wanadoo.fr"},{"departement":"ILLE ET VILAINE","ville":"OSSE","email":"mairie.osse@wanadoo.fr"},{"departement":"ILLE ET VILAINE","ville":"PACE","email":"mairie@ville-pace.fr"},{"departement":"ILLE ET VILAINE","ville":"PAIMPONT","email":"mairie.paimpont@wanadoo.fr"},{"departement":"ILLE ET VILAINE","ville":"PANCE","email":"mairiedepance@wanadoo.fr"},{"departement":"ILLE ET VILAINE","ville":"PARCE","email":"mairie.parce.35@wanadoo.fr"},{"departement":"ILLE ET VILAINE","ville":"PARIGNE","email":"mairie.parigne@wanadoo.fr"},{"departement":"ILLE ET VILAINE","ville":"PARTHENAY DE BRETAGNE","email":"mairie.parthenaybretagne@wanadoo.fr"},{"departement":"ILLE ET VILAINE","ville":"PIPRIAC","email":"mairie@mairie-pipriac.fr"},{"departement":"ILLE ET VILAINE","ville":"PIRE SUR SEICHE","email":"administratif@pire-sur-seiche.fr"},{"departement":"ILLE ET VILAINE","ville":"PLECHATEL","email":"mairie.plechatel@wanadoo.fr"},{"departement":"ILLE ET VILAINE","ville":"PLEINE FOUGERES","email":"mairie.pleinefougeres@wanadoo.fr"},{"departement":"ILLE ET VILAINE","ville":"PLELAN LE GRAND","email":"accueil@plelan-le-grand.fr"},{"departement":"ILLE ET VILAINE","ville":"PLERGUER","email":"mairie.plerguer@wanadoo.fr"},{"departement":"ILLE ET VILAINE","ville":"PLESDER","email":"mairieplesder@wanadoo.fr"},{"departement":"ILLE ET VILAINE","ville":"PLEUGUENEUC","email":"mairiepleugueneuc@wanadoo.fr"},{"departement":"ILLE ET VILAINE","ville":"PLEUMELEUC","email":"mairie.pleumeleuc@wanadoo.fr"},{"departement":"ILLE ET VILAINE","ville":"PLEURTUIT","email":"secretariat@pleurtuit.com"},{"departement":"ILLE ET VILAINE","ville":"POCE LES BOIS","email":"pocelesbois@orange.fr"},{"departement":"ILLE ET VILAINE","ville":"POILLEY","email":"mairie.poilley@wanadoo.fr"},{"departement":"ILLE ET VILAINE","ville":"POLIGNE","email":"mairie.poligne@wanadoo.fr"},{"departement":"ILLE ET VILAINE","ville":"PONT PEAN","email":"mairie@pontpean.fr"},{"departement":"ILLE ET VILAINE","ville":"PRINCE","email":"mairie-prince@wanadoo.fr"},{"departement":"ILLE ET VILAINE","ville":"QUEBRIAC","email":"quebriac@wanadoo.fr"},{"departement":"ILLE ET VILAINE","ville":"QUEDILLAC","email":"quedillac@wanadoo.fr"},{"departement":"ILLE ET VILAINE","ville":"RANNEE","email":"mairie.rannee@wanadoo.fr"},{"departement":"ILLE ET VILAINE","ville":"REDON","email":"secretariatgeneral@mairie-redon.fr"},{"departement":"ILLE ET VILAINE","ville":"RENAC","email":"mairie.renac@wanadoo.fr"},{"departement":"ILLE ET VILAINE","ville":"RENNES","email":"ddelaveau@ville-rennes.fr"},{"departement":"ILLE ET VILAINE","ville":"RETIERS","email":"mairie-de-retiers@wanadoo.fr"},{"departement":"ILLE ET VILAINE","ville":"RIMOU","email":"rimou.mairie@wanadoo.fr"},{"departement":"ILLE ET VILAINE","ville":"ROMAGNE","email":"mairie.romagne35@wanadoo.fr"},{"departement":"ILLE ET VILAINE","ville":"ROMAZY","email":"romazy@wanadoo.fr"},{"departement":"ILLE ET VILAINE","ville":"ROMILLE","email":"commune.romille@wanadoo.fr"},{"departement":"ILLE ET VILAINE","ville":"ROZ LANDRIEUX","email":"mairie.rozlandrieux@wanadoo.fr"},{"departement":"ILLE ET VILAINE","ville":"ROZ SUR COUESNON","email":"mairie.roz.sur.couesnon@wanadoo.fr"},{"departement":"ILLE ET VILAINE","ville":"SAINS","email":"mairie-sains-35@wanadoo.fr"},{"departement":"ILLE ET VILAINE","ville":"SAINT ARMEL","email":"mairie.saint-armel@wanadoo.fr"},{"departement":"ILLE ET VILAINE","ville":"SAINT AUBIN D AUBIGNE","email":"mairie@saint-aubin-daubigne.fr"},{"departement":"ILLE ET VILAINE","ville":"SAINT AUBIN DES LANDES","email":"mairie-saint-aubin-des-landes@wanadoo.fr"},{"departement":"ILLE ET VILAINE","ville":"SAINT AUBIN DU CORMIER","email":"mairie@ville-staubinducormier.fr"},{"departement":"ILLE ET VILAINE","ville":"SAINT AUBIN DU PAVAIL","email":"saintaubindupavail@wanadoo.fr"},{"departement":"ILLE ET VILAINE","ville":"SAINT BENOIT DES ONDES","email":"saint-benoit-des-ondes.mairie@wanadoo.fr"},{"departement":"ILLE ET VILAINE","ville":"SAINT BRIAC SUR MER","email":"saint-briac@wanadoo.fr"},{"departement":"ILLE ET VILAINE","ville":"SAINT BRICE EN COGLES","email":"mairie.stbrice@megalis.org"},{"departement":"ILLE ET VILAINE","ville":"SAINT BRIEUC DES IFFS","email":"stbrieucdesiffs@wanadoo.fr"},{"departement":"ILLE ET VILAINE","ville":"SAINT BROLADRE","email":"mairiestbroladre@wanadoo.fr"},{"departement":"ILLE ET VILAINE","ville":"SAINT CHRISTOPHE DES BOIS","email":"mairie.stchristophedesbois@wanadoo.fr"},{"departement":"ILLE ET VILAINE","ville":"SAINT CHRISTOPHE DE VALAINS","email":"saintchristophedevalains@wanadoo.fr"},{"departement":"ILLE ET VILAINE","ville":"SAINT COULOMB","email":"mairiestcoulomb@wanadoo.fr"},{"departement":"ILLE ET VILAINE","ville":"SAINT DIDIER","email":"mairie.saintdidier35@wanadoo.fr"},{"departement":"ILLE ET VILAINE","ville":"SAINT DOMINEUC","email":"saint.domineuc@wanadoo.fr"},{"departement":"ILLE ET VILAINE","ville":"SAINTE ANNE SUR VILAINE","email":"mairiesteannesurvilaine@wanadoo.fr"},{"departement":"ILLE ET VILAINE","ville":"SAINTE COLOMBE","email":"saintecolombe.mairie@wanadoo.fr"},{"departement":"ILLE ET VILAINE","ville":"SAINTE MARIE","email":"mairie.ste-marie@laposte.net"},{"departement":"ILLE ET VILAINE","ville":"SAINT ERBLON","email":"mairie@saint-erblon.fr"},{"departement":"ILLE ET VILAINE","ville":"SAINT ETIENNE EN COGLES","email":"st.etienne.en.cogles@wanadoo.fr"},{"departement":"ILLE ET VILAINE","ville":"SAINT GANTON","email":"mairie.st-ganton@wanadoo.fr"},{"departement":"ILLE ET VILAINE","ville":"SAINT GEORGES DE CHESNE","email":"mairiesgc@wanadoo.fr"},{"departement":"ILLE ET VILAINE","ville":"SAINT GEORGES DE GREHAIGNE","email":"mairiestgeorgesdegrehaigne@wanadoo.fr"},{"departement":"ILLE ET VILAINE","ville":"SAINT GEORGES DE REINTEMBAULT","email":"mairie-stgeorgesrlt@wanadoo.fr"},{"departement":"ILLE ET VILAINE","ville":"SAINT GERMAIN DU PINEL","email":"mairie.stgermaindupinel@wanadoo.fr"},{"departement":"ILLE ET VILAINE","ville":"SAINT GERMAIN EN COGLES","email":"mairiestgermainencogles@wanadoo.fr"},{"departement":"ILLE ET VILAINE","ville":"SAINT GERMAIN SUR ILLE","email":"mairie-st.germain-sur-ille@wanadoo.fr"},{"departement":"ILLE ET VILAINE","ville":"SAINT GILLES","email":"infocom@saint-gilles35.fr"},{"departement":"ILLE ET VILAINE","ville":"SAINT GONDRAN","email":"mairiestgondran@wanadoo.fr"},{"departement":"ILLE ET VILAINE","ville":"SAINT GONLAY","email":"stgonlay.mairie@wanadoo.fr"},{"departement":"ILLE ET VILAINE","ville":"SAINT GREGOIRE","email":"communication@saint-gregoire.fr"},{"departement":"ILLE ET VILAINE","ville":"SAINT GUINOUX","email":"mairie.st.guinoux@wanadoo.fr"},{"departement":"ILLE ET VILAINE","ville":"SAINT HILAIRE DES LANDES","email":"mairie.st.hilaire@wanadoo.fr"},{"departement":"ILLE ET VILAINE","ville":"SAINT JACQUES DE LA LANDE","email":"mairie@ville-st-jacques-de-la-lande.fr"},{"departement":"ILLE ET VILAINE","ville":"SAINT JEAN SUR COUESNON","email":"mairie.st.jean@wanadoo.fr"},{"departement":"ILLE ET VILAINE","ville":"SAINT JEAN SUR VILAINE","email":"mairie.stjean-vilaine@wanadoo.fr"},{"departement":"ILLE ET VILAINE","ville":"SAINT JOUAN DES GUERETS","email":"contact@saint-jouan.com"},{"departement":"ILLE ET VILAINE","ville":"SAINT JUST","email":"mairie-saintjust@orange.fr"},{"departement":"ILLE ET VILAINE","ville":"SAINT LEGER DES PRES","email":"mairie-stleger@wanadoo.fr"},{"departement":"ILLE ET VILAINE","ville":"SAINT LUNAIRE","email":"mairie@saint-lunaire.fr"},{"departement":"ILLE ET VILAINE","ville":"SAINT MALO","email":"communication@saint-malo.fr"},{"departement":"ILLE ET VILAINE","ville":"SAINT MALO DE PHILY","email":"mairie.de.st-malo.de.phily@wanadoo.fr"},{"departement":"ILLE ET VILAINE","ville":"SAINT MALON SUR MEL","email":"mairie.st.malon.sur.mel@wanadoo.fr"},{"departement":"ILLE ET VILAINE","ville":"SAINT MARCAN","email":"mairie.saint.marcan@wanadoo.fr"},{"departement":"ILLE ET VILAINE","ville":"SAINT MARC LE BLANC","email":"mairie.stmarcleblanc@wanadoo.fr"},{"departement":"ILLE ET VILAINE","ville":"SAINT MARC SUR COUESNON","email":"mairie.st.marc@orange.fr"},{"departement":"ILLE ET VILAINE","ville":"SAINT MAUGAN","email":"mairie.saint-maugan@wanadoo.fr"},{"departement":"ILLE ET VILAINE","ville":"SAINT MEDARD SUR ILLE","email":"mairie.st.medard@wanadoo.fr"},{"departement":"ILLE ET VILAINE","ville":"SAINT MEEN LE GRAND","email":"contact@ville-st-meen-le-grand.fr"},{"departement":"ILLE ET VILAINE","ville":"SAINT MELOIR DES ONDES","email":"MAIRIE-ST-MELOIR-DES-ONDES@wanadoo.fr"},{"departement":"ILLE ET VILAINE","ville":"SAINT M HERVE","email":"mairiestmherve@acoll.com"},{"departement":"ILLE ET VILAINE","ville":"SAINT M HERVON","email":"communestmhervon@wanadoo.fr"},{"departement":"ILLE ET VILAINE","ville":"SAINT ONEN LA CHAPELLE","email":"mairie.stonen@wanadoo.fr"},{"departement":"ILLE ET VILAINE","ville":"SAINT OUEN DES ALLEUX","email":"mairie.saint-ouen@wanadoo.fr"},{"departement":"ILLE ET VILAINE","ville":"SAINT OUEN LA ROUERIE","email":"mairiestouenlarie@wanadoo.fr"},{"departement":"ILLE ET VILAINE","ville":"SAINT PERAN","email":"mairie-saint-peran@wanadoo.fr"},{"departement":"ILLE ET VILAINE","ville":"SAINT PERE","email":"contact@ville-saint-pere.fr"},{"departement":"ILLE ET VILAINE","ville":"SAINT PERN","email":"mairie.saint.pern@wanadoo.fr"},{"departement":"ILLE ET VILAINE","ville":"SAINT PIERRE DE PLESGUEN","email":"mairie.saintpierre@wanadoo.fr"},{"departement":"ILLE ET VILAINE","ville":"SAINT REMY DU PLAIN","email":"saint.remy.mairie@wanadoo.fr"},{"departement":"ILLE ET VILAINE","ville":"SAINT SAUVEUR DES LANDES","email":"communesaintsauveur@wanadoo.fr"},{"departement":"ILLE ET VILAINE","ville":"SAINT SEGLIN","email":"saint-seglin.mairie@wanadoo.fr"},{"departement":"ILLE ET VILAINE","ville":"SAINT SENOUX","email":"mairiesaintsenoux@wanadoo.fr"},{"departement":"ILLE ET VILAINE","ville":"SAINT SULIAC","email":"mairie.saintsuliac@wanadoo.fr"},{"departement":"ILLE ET VILAINE","ville":"SAINT SULPICE DES LANDES","email":"mairie.stsulpicedeslandes@wanadoo.fr"},{"departement":"ILLE ET VILAINE","ville":"SAINT SULPICE LA FORET","email":"saint-sulpice-la-foret-mairie@wanadoo.fr"},{"departement":"ILLE ET VILAINE","ville":"SAINT THUAL","email":"mairie.saint-thual@wanadoo.fr"},{"departement":"ILLE ET VILAINE","ville":"SAINT THURIAL","email":"mairie-de-st-thurial@wanadoo.fr"},{"departement":"ILLE ET VILAINE","ville":"SAINT UNIAC","email":"communestuniac@wanadoo.fr"},{"departement":"ILLE ET VILAINE","ville":"SAULNIERES","email":"mairie.saulnieres@wanadoo.fr"},{"departement":"ILLE ET VILAINE","ville":"SENS DE BRETAGNE","email":"sens.bretagne@wanadoo.fr"},{"departement":"ILLE ET VILAINE","ville":"SERVON SUR VILAINE","email":"accueil@ville-servonsurvilaine.fr"},{"departement":"ILLE ET VILAINE","ville":"SIXT SUR AFF","email":"contact@sixt-sur-aff.fr"},{"departement":"ILLE ET VILAINE","ville":"SOUGEAL","email":"mairie-sougeal@wanadoo.fr"},{"departement":"ILLE ET VILAINE","ville":"TAILLIS","email":"mairie-de-taillis@wanadoo.fr"},{"departement":"ILLE ET VILAINE","ville":"TALENSAC","email":"mairie@talensac.fr"},{"departement":"ILLE ET VILAINE","ville":"TEILLAY","email":"mairie.teillay@wanadoo.fr"},{"departement":"ILLE ET VILAINE","ville":"THORIGNE FOUILLARD","email":"mairie@ville-thorigne-fouillard.fr"},{"departement":"ILLE ET VILAINE","ville":"THOURIE","email":"mairiethourie@wanadoo.fr"},{"departement":"ILLE ET VILAINE","ville":"TINTENIAC","email":"mairie@tinteniac.fr"},{"departement":"ILLE ET VILAINE","ville":"TORCE","email":"mairietorce2@wanadoo.fr"},{"departement":"ILLE ET VILAINE","ville":"TRANS LA FORET","email":"mairie-trans-la-foret@wanadoo.fr"},{"departement":"ILLE ET VILAINE","ville":"TREFFENDEL","email":"biblio-mairie-treffendel@wanadoo.fr"},{"departement":"ILLE ET VILAINE","ville":"TREMBLAY","email":"mairie.tremblay.35460@wanadoo.fr"},{"departement":"ILLE ET VILAINE","ville":"TREMEHEUC","email":"mairie.tremeheuc@wanadoo.fr"},{"departement":"ILLE ET VILAINE","ville":"TRESBOEUF","email":"mairie.tresboeuf@wanadoo.fr"},{"departement":"ILLE ET VILAINE","ville":"TRESSE","email":"tresse@wanadoo.fr"},{"departement":"ILLE ET VILAINE","ville":"TREVERIEN","email":"mairie-treverien@orange.fr"},{"departement":"ILLE ET VILAINE","ville":"TRIMER","email":"communedetrimer@orange.fr"},{"departement":"ILLE ET VILAINE","ville":"VAL D IZE","email":"mairie.valdize@wanadoo.fr"},{"departement":"ILLE ET VILAINE","ville":"VENDEL","email":"mairie.vendel@wanadoo.fr"},{"departement":"ILLE ET VILAINE","ville":"VERGEAL","email":"mairie.vergeal@wanadoo.fr"},{"departement":"ILLE ET VILAINE","ville":"VERN SUR SEICHE","email":"secretariat.elus@ville-vern-sur-seiche.fr"},{"departement":"ILLE ET VILAINE","ville":"VEZIN LE COQUET","email":"mairie.vezin.le.coquet@wanadoo.fr"},{"departement":"ILLE ET VILAINE","ville":"VIEUX VIEL","email":"mairie-vieux-viel@wanadoo.fr"},{"departement":"ILLE ET VILAINE","ville":"VIEUX VY SUR COUESNON","email":"vieux.vy@wanadoo.fr"},{"departement":"ILLE ET VILAINE","ville":"VIGNOC","email":"mairie.vignoc@wanadoo.fr"},{"departement":"ILLE ET VILAINE","ville":"VILLAMEE","email":"mairie.villamee@wanadoo.fr"},{"departement":"ILLE ET VILAINE","ville":"VISSEICHE","email":"visseiche.mairie35@orange.fr"},{"departement":"ILLE ET VILAINE","ville":"VITRE","email":"info@mairie-vitre.fr"},{"departement":"HAUTE LOIRE","ville":"AGNAT","email":"mairie.agnat@wanadoo.fr"},{"departement":"HAUTE LOIRE","ville":"AIGUILHE","email":"mairie.aiguilhe@wanadoo.fr"},{"departement":"HAUTE LOIRE","ville":"ALLEGRE","email":"mairie.allegre@wanadoo.fr"},{"departement":"HAUTE LOIRE","ville":"ALLEYRAC","email":"mairie.alleyrac@wanadoo.fr"},{"departement":"HAUTE LOIRE","ville":"ALLEYRAS","email":"mairie.alleyras@akeonet.com"},{"departement":"HAUTE LOIRE","ville":"ALLY","email":"mairieally@orange.fr"},{"departement":"HAUTE LOIRE","ville":"ARAULES","email":"mairie.araules@wanadoo.fr"},{"departement":"HAUTE LOIRE","ville":"ARLEMPDES","email":"mairie.commune-arlempdes@orange.fr"},{"departement":"HAUTE LOIRE","ville":"ARLET","email":"mairie-arlet@wanadoo.fr"},{"departement":"HAUTE LOIRE","ville":"ARSAC EN VELAY","email":"mairie-arsac@wanadoo.fr"},{"departement":"HAUTE LOIRE","ville":"AUBAZAT","email":"mairie.aubazat@wanadoo.fr"},{"departement":"HAUTE LOIRE","ville":"AUREC SUR LOIRE","email":"mairie.aurec.sur.loire@wanadoo.fr"},{"departement":"HAUTE LOIRE","ville":"AUTRAC","email":"mairieautrac@wanadoo.fr"},{"departement":"HAUTE LOIRE","ville":"AUVERS","email":"mairie.auvers@wanadoo.fr"},{"departement":"HAUTE LOIRE","ville":"AUZON","email":"mairie-auzon@wanadoo.fr"},{"departement":"HAUTE LOIRE","ville":"AZERAT","email":"mairie.azerat43@orange.fr"},{"departement":"HAUTE LOIRE","ville":"BAINS","email":"mairie-bains@wanadoo.fr"},{"departement":"HAUTE LOIRE","ville":"BARGES","email":"mairie.barges@wanadoo.fr"},{"departement":"HAUTE LOIRE","ville":"BAS EN BASSET","email":"mairie.basenbasset@wanadoo.fr"},{"departement":"HAUTE LOIRE","ville":"BEAULIEU","email":"beaulieu.mairie@wanadoo.fr"},{"departement":"HAUTE LOIRE","ville":"BEAUMONT","email":"mairie.beaumont@wanadoo.fr"},{"departement":"HAUTE LOIRE","ville":"BEAUNE SUR ARZON","email":"mairie.beaune.sur.arzon@wanadoo.fr"},{"departement":"HAUTE LOIRE","ville":"BEAUX","email":"beaux43@orange.fr"},{"departement":"HAUTE LOIRE","ville":"BEAUZAC","email":"mairie@ville-beauzac.fr"},{"departement":"HAUTE LOIRE","ville":"BELLEVUE LA MONTAGNE","email":"bellevue_la_montagne@voila.fr"},{"departement":"HAUTE LOIRE","ville":"BERBEZIT","email":"mairie.berbezit@wanadoo.fr"},{"departement":"HAUTE LOIRE","ville":"BESSAMOREL","email":"mairiebessamorel@wanadoo.fr"},{"departement":"HAUTE LOIRE","ville":"BLANZAC","email":"mairieblanzac@wanadoo.fr"},{"departement":"HAUTE LOIRE","ville":"BLASSAC","email":"mairie.blassac@wanadoo.fr"},{"departement":"HAUTE LOIRE","ville":"BLAVOZY","email":"blavozy@wanadoo.fr"},{"departement":"HAUTE LOIRE","ville":"BLESLE","email":"mairie.de.blesle@wanadoo.fr"},{"departement":"HAUTE LOIRE","ville":"BOISSET","email":"mairie.boisset@wanadoo.fr"},{"departement":"HAUTE LOIRE","ville":"BONNEVAL","email":"mairiebonneval@orange.fr"},{"departement":"HAUTE LOIRE","ville":"BORNE","email":"mairiedeborne@wanadoo.fr"},{"departement":"HAUTE LOIRE","ville":"BOURNONCLE SAINT PIERRE","email":"mairie.bournoncle@wanadoo.fr"},{"departement":"HAUTE LOIRE","ville":"BRIOUDE","email":"accueil@ville-brioude.fr"},{"departement":"HAUTE LOIRE","ville":"BRIVES CHARENSAC","email":"info@brives-charensac.fr"},{"departement":"HAUTE LOIRE","ville":"CAYRES","email":"mairie.cayres@wanadoo.fr"},{"departement":"HAUTE LOIRE","ville":"CEAUX D ALLEGRE","email":"mairie.ceaux.dallegre@wanadoo.fr"},{"departement":"HAUTE LOIRE","ville":"CERZAT","email":"mairie.cerzat@wanadoo.fr"},{"departement":"HAUTE LOIRE","ville":"CEYSSAC LA ROCHE","email":"ceyssac.mairie@orange.fr"},{"departement":"HAUTE LOIRE","ville":"CHADRAC","email":"mairie-chadrac@wanadoo.fr"},{"departement":"HAUTE LOIRE","ville":"CHADRON","email":"mairiedechadron@wanadoo.fr"},{"departement":"HAUTE LOIRE","ville":"CHAMALIERES SUR LOIRE","email":"chamalieresurloire@wanadoo.fr"},{"departement":"HAUTE LOIRE","ville":"CHAMBEZON","email":"mairie-chamdezon@orange.fr"},{"departement":"HAUTE LOIRE","ville":"CHAMPAGNAC LE VIEUX","email":"mairie@champagnaclevieux.fr"},{"departement":"HAUTE LOIRE","ville":"CHAMPCLAUSE","email":"mairie.champclause@orange.fr"},{"departement":"HAUTE LOIRE","ville":"CHANALEILLES","email":"chanaleilles@wanadoo.fr"},{"departement":"HAUTE LOIRE","ville":"CHANIAT","email":"chaniat.mairie@wanadoo.fr"},{"departement":"HAUTE LOIRE","ville":"CHANTEUGES","email":"mairie.chanteuges@wanadoo.fr"},{"departement":"HAUTE LOIRE","ville":"CHARRAIX","email":"mairiecharraix@orange.fr"},{"departement":"HAUTE LOIRE","ville":"CHASPINHAC","email":"mairie.chaspinhac@wanadoo.fr"},{"departement":"HAUTE LOIRE","ville":"CHASPUZAC","email":"mairie.chaspuzac@gmail.com"},{"departement":"HAUTE LOIRE","ville":"CHASSAGNES","email":"communedechassagnes@wanadoo.fr"},{"departement":"HAUTE LOIRE","ville":"CHASSIGNOLLES","email":"mairie.chassignoles@wanadoo.fr"},{"departement":"HAUTE LOIRE","ville":"CHASTEL","email":"mairie.chastel@orange.fr"},{"departement":"HAUTE LOIRE","ville":"CHAUDEYROLLES","email":"mairiedechaudeyrolles@wanadoo.fr"},{"departement":"HAUTE LOIRE","ville":"CHAVANIAC LAFAYETTE","email":"COMMUNE-CHAVANIAC-LAFAYETTE2@wanadoo.fr"},{"departement":"HAUTE LOIRE","ville":"CHAZELLES","email":"mairie.chazelles@wanadoo.fr"},{"departement":"HAUTE LOIRE","ville":"CHENEREILLES","email":"mairiechenereilles@wanadoo.fr"},{"departement":"HAUTE LOIRE","ville":"CHILHAC","email":"mairie.chilhac@wanadoo.fr"},{"departement":"HAUTE LOIRE","ville":"CHOMELIX","email":"mairie@chomelix.fr"},{"departement":"HAUTE LOIRE","ville":"CISTRIERES","email":"mairiecistrieres@orange.fr"},{"departement":"HAUTE LOIRE","ville":"COHADE","email":"cohade.mairie@wanadoo.fr"},{"departement":"HAUTE LOIRE","ville":"COLLAT","email":"communedecollat@orange.fr"},{"departement":"HAUTE LOIRE","ville":"CONNANGLES","email":"mairie.connangles@orange.fr"},{"departement":"HAUTE LOIRE","ville":"COSTAROS","email":"mairiecostaros43@wanadoo.fr"},{"departement":"HAUTE LOIRE","ville":"COUBON","email":"coubon.mairie@wanadoo.fr"},{"departement":"HAUTE LOIRE","ville":"COUTEUGES","email":""},{"departement":"HAUTE LOIRE","ville":"CRAPONNE SUR ARZON","email":"craponnesurarzon@wanadoo.fr"},{"departement":"HAUTE LOIRE","ville":"CROISANCES","email":"mairiedecroisances@orange.fr"},{"departement":"HAUTE LOIRE","ville":"CRONCE","email":"mairie-cronce@wanadoo.fr"},{"departement":"HAUTE LOIRE","ville":"CUBELLES","email":"mairiecubelles@free.fr"},{"departement":"HAUTE LOIRE","ville":"CUSSAC SUR LOIRE","email":"mairie.cussacsurloire@wanadoo.fr"},{"departement":"HAUTE LOIRE","ville":"DESGES","email":"mairie.desges@wanadoo.fr"},{"departement":"HAUTE LOIRE","ville":"DOMEYRAT","email":"mairie.domeyrat@orange.fr"},{"departement":"HAUTE LOIRE","ville":"DUNIERES","email":"mairie.dunieres@wanadoo.fr"},{"departement":"HAUTE LOIRE","ville":"ESPALEM","email":"mairie.espalem@wanadoo.fr"},{"departement":"HAUTE LOIRE","ville":"ESPALY SAINT MARCEL","email":"mairie-espaly@wanadoo.fr"},{"departement":"HAUTE LOIRE","ville":"ESPLANTAS","email":"mairie.esplantas@orange.fr"},{"departement":"HAUTE LOIRE","ville":"FAY SUR LIGNON","email":"mairiefaysurlignon@wanadoo.fr"},{"departement":"HAUTE LOIRE","ville":"FELINES","email":"mairiefelines@wanadoo.fr"},{"departement":"HAUTE LOIRE","ville":"FERRUSSAC","email":"mairie.ferrussac@wanadoo.fr"},{"departement":"HAUTE LOIRE","ville":"FIX SAINT GENEYS","email":"mairiefixstgeneys@orange.fr"},{"departement":"HAUTE LOIRE","ville":"FONTANNES","email":"dr-ph.vignancourmaire@wanadoo.fr"},{"departement":"HAUTE LOIRE","ville":"FREYCENET LA CUCHE","email":"freycenet-la-cu.mairie@wanadoo.fr"},{"departement":"HAUTE LOIRE","ville":"FREYCENET LA TOUR","email":"mairiefreycenetlatour@orange.fr"},{"departement":"HAUTE LOIRE","ville":"FRUGERES LES MINES","email":"mairiefrugeresmines@wanadoo.fr"},{"departement":"HAUTE LOIRE","ville":"FRUGIERES LE PIN","email":"mairie.frugiereslepin@wanadoo.fr"},{"departement":"HAUTE LOIRE","ville":"GOUDET","email":"mairiedegoudet@orange.fr"},{"departement":"HAUTE LOIRE","ville":"GRAZAC","email":"mairie.de.grazac@wanadoo.fr"},{"departement":"HAUTE LOIRE","ville":"GRENIER MONTGON","email":"mairie.grenier-montgon@wanadoo.fr"},{"departement":"HAUTE LOIRE","ville":"GREZES","email":"mairie.grezes@free.fr"},{"departement":"HAUTE LOIRE","ville":"JAVAUGUES","email":"mairie.javaugues@orange.fr"},{"departement":"HAUTE LOIRE","ville":"JAX","email":"mairiejax@hotmail.fr"},{"departement":"HAUTE LOIRE","ville":"JOSAT","email":"communedejosat@orange.fr"},{"departement":"HAUTE LOIRE","ville":"JULLIANGES","email":"mairie-de-jullianges@wanadoo.fr"},{"departement":"HAUTE LOIRE","ville":"LA BESSEYRE SAINT MARY","email":"mairielabesseyresaintmary@orange.fr"},{"departement":"HAUTE LOIRE","ville":"LA CHAISE DIEU","email":"lcdmairie@wanadoo.fr"},{"departement":"HAUTE LOIRE","ville":"LA CHAPELLE BERTIN","email":""},{"departement":"HAUTE LOIRE","ville":"LA CHAPELLE D AUREC","email":"mairie-chapelle-daurec@wanadoo.fr"},{"departement":"HAUTE LOIRE","ville":"LA CHAPELLE GENESTE","email":"mairie.chapellegeneste@orange.fr"},{"departement":"HAUTE LOIRE","ville":"LA CHOMETTE","email":"commune-de-la-chomette@orange.fr"},{"departement":"HAUTE LOIRE","ville":"LAFARRE","email":"lafarre@wanadoo.fr"},{"departement":"HAUTE LOIRE","ville":"LAMOTHE","email":"mairie.lamothe@wanadoo.fr"},{"departement":"HAUTE LOIRE","ville":"LANDOS","email":"mairie-landos@wanadoo.fr"},{"departement":"HAUTE LOIRE","ville":"LANGEAC","email":"culture.communication@ville-langeac.com"},{"departement":"HAUTE LOIRE","ville":"LANTRIAC","email":"mairie.lantriac@wanadoo.fr"},{"departement":"HAUTE LOIRE","ville":"LAPTE","email":"mairiedelapte@wanadoo.fr"},{"departement":"HAUTE LOIRE","ville":"LA SEAUVE SUR SEMENE","email":"mairie.seauve@wanadoo.fr"},{"departement":"HAUTE LOIRE","ville":"LAUSSONNE","email":"mairie.laussonne@wanadoo.fr"},{"departement":"HAUTE LOIRE","ville":"LAVAL SUR DOULON","email":""},{"departement":"HAUTE LOIRE","ville":"LAVAUDIEU","email":""},{"departement":"HAUTE LOIRE","ville":"LAVOUTE CHILHAC","email":"mairielavoute@yahoo.fr"},{"departement":"HAUTE LOIRE","ville":"LAVOUTE SUR LOIRE","email":"mairie.lavoutesurloire@wanadoo.fr"},{"departement":"HAUTE LOIRE","ville":"LE BOUCHET SAINT NICOLAS","email":"mairie.lebouchetstnicolas@wanadoo.fr"},{"departement":"HAUTE LOIRE","ville":"LE BRIGNON","email":"mairielebrignon@wanadoo.fr"},{"departement":"HAUTE LOIRE","ville":"LE CHAMBON SUR LIGNON","email":"chambon@ville-lechambonsurlignon.fr"},{"departement":"HAUTE LOIRE","ville":"LE MAS DE TENCE","email":"mairie.lemasdetence@wanadoo.fr"},{"departement":"HAUTE LOIRE","ville":"LE MONASTIER SUR GAZEILLE","email":"mairie-du-monastier-sur-gazeille@wanadoo.fr"},{"departement":"HAUTE LOIRE","ville":"LE MONTEIL","email":"maire.lemonteil@wanadoo.fr"},{"departement":"HAUTE LOIRE","ville":"LEMPDES SUR ALLAGNON","email":"mairielempdessurallagnon@wanadoo.fr"},{"departement":"HAUTE LOIRE","ville":"LEOTOING","email":"mairie.leotoing@wanadoo.fr"},{"departement":"HAUTE LOIRE","ville":"LE PERTUIS","email":"mairie.lepertuis@wanadoo.fr"},{"departement":"HAUTE LOIRE","ville":"LE PUY EN VELAY","email":"contact@mairie-le-puy-en-velay.fr"},{"departement":"HAUTE LOIRE","ville":"LES ESTABLES","email":"mairie.lesestables@wanadoo.fr"},{"departement":"HAUTE LOIRE","ville":"LES VASTRES","email":"mairielesvastres@orange.fr"},{"departement":"HAUTE LOIRE","ville":"LES VILLETTES","email":"commune.les-villettes@wanadoo.fr"},{"departement":"HAUTE LOIRE","ville":"LE VERNET","email":"le.vernet.43@orange.fr"},{"departement":"HAUTE LOIRE","ville":"LISSAC","email":"mlissac@wanadoo.fr"},{"departement":"HAUTE LOIRE","ville":"LORLANGES","email":"mairie.lorlanges@wanadoo.fr"},{"departement":"HAUTE LOIRE","ville":"LOUDES","email":"mairie.loudes@wanadoo.fr"},{"departement":"HAUTE LOIRE","ville":"LUBILHAC","email":"mairie-lubilhac@wanadoo.fr"},{"departement":"HAUTE LOIRE","ville":"MALREVERS","email":"mairiedemalrevers@wanadoo.fr"},{"departement":"HAUTE LOIRE","ville":"MALVALETTE","email":"mairie.malvalette@wanadoo.fr"},{"departement":"HAUTE LOIRE","ville":"MALVIERES","email":""},{"departement":"HAUTE LOIRE","ville":"MAZERAT AUROUZE","email":"mairie.mazerat.aurouze@wanadoo.fr"},{"departement":"HAUTE LOIRE","ville":"MAZET SAINT VOY","email":"mairie@mazet-st-voy.com"},{"departement":"HAUTE LOIRE","ville":"MAZEYRAT D ALLIER","email":"mairie-mazeyratdallier@wanadoo.fr"},{"departement":"HAUTE LOIRE","ville":"MERCOEUR","email":"mairiemercoeur081@orange.fr"},{"departement":"HAUTE LOIRE","ville":"MEZERES","email":"mairie.mezeres@wanadoo.fr"},{"departement":"HAUTE LOIRE","ville":"MONISTROL D ALLIER","email":"mairie.monistroldallier@orange.fr"},{"departement":"HAUTE LOIRE","ville":"MONISTROL SUR LOIRE","email":"sg.mairiemonistrol@wanadoo.fr"},{"departement":"HAUTE LOIRE","ville":"MONLET","email":"mairie.monlet@wanadoo.fr"},{"departement":"HAUTE LOIRE","ville":"MONTCLARD","email":"commune.montclard@orange.fr"},{"departement":"HAUTE LOIRE","ville":"MONTFAUCON EN VELAY","email":"mairiemontfaucon-en-velay@wanadoo.fr"},{"departement":"HAUTE LOIRE","ville":"MONTREGARD","email":"commune.montregard@wanadoo.fr"},{"departement":"HAUTE LOIRE","ville":"MONTUSCLAT","email":"montusclat.mairie@wanadoo.fr"},{"departement":"HAUTE LOIRE","ville":"MOUDEYRES","email":"mairiedemoudeyres@orange.fr"},{"departement":"HAUTE LOIRE","ville":"OUIDES","email":"commune.ouides@orange.fr"},{"departement":"HAUTE LOIRE","ville":"PAULHAC","email":"mairie.paulhac@wanadoo.fr"},{"departement":"HAUTE LOIRE","ville":"PAULHAGUET","email":"mairiepaulhaguet@orange.fr"},{"departement":"HAUTE LOIRE","ville":"PEBRAC","email":"mairie-pebrac@wanadoo.fr"},{"departement":"HAUTE LOIRE","ville":"PINOLS","email":"mairiepinols@wanadoo.fr"},{"departement":"HAUTE LOIRE","ville":"POLIGNAC","email":"mairie.polignac@wanadoo.fr"},{"departement":"HAUTE LOIRE","ville":"PONT SALOMON","email":"pontsalomon.mairie@wanadoo.fr"},{"departement":"HAUTE LOIRE","ville":"PRADELLES","email":"Mairie-Pradelles@wanadoo.fr"},{"departement":"HAUTE LOIRE","ville":"PRADES","email":"prades.haut-allier@wanadoo.fr"},{"departement":"HAUTE LOIRE","ville":"PRESAILLES","email":"mairie.presailles@gmail.com"},{"departement":"HAUTE LOIRE","ville":"QUEYRIERES","email":"mairie.queyrieres@wanadoo.fr"},{"departement":"HAUTE LOIRE","ville":"RAUCOULES","email":"mairie@raucoules.com"},{"departement":"HAUTE LOIRE","ville":"RAURET","email":"mairie@rauret.fr"},{"departement":"HAUTE LOIRE","ville":"RETOURNAC","email":"mairie-retournac@wanadoo.fr"},{"departement":"HAUTE LOIRE","ville":"RIOTORD","email":"mairie.de.riotord@wanadoo.fr"},{"departement":"HAUTE LOIRE","ville":"ROCHE EN REGNIER","email":"mairie.rocheenregnier@wanadoo.fr"},{"departement":"HAUTE LOIRE","ville":"ROSIERES","email":"mairie-rosieres@wanadoo.fr"},{"departement":"HAUTE LOIRE","ville":"SAINT ANDRE DE CHALENCON","email":"mairie.st-andre-de-chalencon@wanadoo.fr"},{"departement":"HAUTE LOIRE","ville":"SAINT ARCONS D ALLIER","email":""},{"departement":"HAUTE LOIRE","ville":"SAINT ARCONS DE BARGES","email":""},{"departement":"HAUTE LOIRE","ville":"SAINT AUSTREMOINE","email":"saint-austremoine@wanadoo.fr"},{"departement":"HAUTE LOIRE","ville":"SAINT BEAUZIRE","email":""},{"departement":"HAUTE LOIRE","ville":"SAINT BERAIN","email":"saint-berain@wanadoo.fr"},{"departement":"HAUTE LOIRE","ville":"SAINT BONNET LE FROID","email":"mairie2.stbonnet@laposte.net"},{"departement":"HAUTE LOIRE","ville":"SAINT CHRISTOPHE D ALLIER","email":""},{"departement":"HAUTE LOIRE","ville":"SAINT CHRISTOPHE SUR DOLAISON","email":"mairie.saint-christophe.sur.dol@wanadoo.fr"},{"departement":"HAUTE LOIRE","ville":"SAINT CIRGUES","email":"d.lamairie@free.fr"},{"departement":"HAUTE LOIRE","ville":"SAINT DIDIER D ALLIER","email":"commune-saint-didier-allier@wanadoo.fr"},{"departement":"HAUTE LOIRE","ville":"SAINT DIDIER EN VELAY","email":"mairiestdidierenvelay@wanadoo.fr"},{"departement":"HAUTE LOIRE","ville":"SAINT DIDIER SUR DOULON","email":"st-didier-sur-doulon@wanadoo.fr"},{"departement":"HAUTE LOIRE","ville":"SAINTE EUGENIE DE VILLENEUVE","email":"mairie.st.eugenie@wanadoo.fr"},{"departement":"HAUTE LOIRE","ville":"SAINTE FLORINE","email":"mairiesteflorine@voila.fr"},{"departement":"HAUTE LOIRE","ville":"SAINTE MARGUERITE","email":"mairiesaintemarguerite@orange.fr"},{"departement":"HAUTE LOIRE","ville":"SAINTE SIGOLENE","email":"contact@ville-sainte-sigolene.fr"},{"departement":"HAUTE LOIRE","ville":"SAINT ETIENNE DU VIGAN","email":""},{"departement":"HAUTE LOIRE","ville":"SAINT ETIENNE LARDEYROL","email":"stetiennelardeyrol@wanadoo.fr"},{"departement":"HAUTE LOIRE","ville":"SAINT ETIENNE SUR BLESLE","email":"mairie.stet@wanadoo.fr"},{"departement":"HAUTE LOIRE","ville":"SAINT FERREOL D AUROURE","email":"commune.saint.ferreol@wanadoo.fr"},{"departement":"HAUTE LOIRE","ville":"SAINT FRONT","email":"mairie.saint.front43@wanadoo.fr"},{"departement":"HAUTE LOIRE","ville":"SAINT GENEYS PRES ST PAULIEN","email":"mairie.st.geneys@wanadoo.fr"},{"departement":"HAUTE LOIRE","ville":"SAINT GEORGES D AURAC","email":"mairie.st.georges.aurac@wanadoo.fr"},{"departement":"HAUTE LOIRE","ville":"SAINT GEORGES LAGRICOL","email":"mairiestgeorgeslagricol@wanadoo.fr"},{"departement":"HAUTE LOIRE","ville":"SAINT GERMAIN LAPRADE","email":"Mairie.Sgl.secretariat@wanadoo.fr"},{"departement":"HAUTE LOIRE","ville":"SAINT GERON","email":"mairiestgeron43@wanadoo.fr"},{"departement":"HAUTE LOIRE","ville":"SAINT HAON","email":"mairie.sthaon@wanadoo.fr"},{"departement":"HAUTE LOIRE","ville":"SAINT HILAIRE","email":"mairie.saint-hilaire@aliceadsl.fr"},{"departement":"HAUTE LOIRE","ville":"SAINT HOSTIEN","email":"mairie-sthostien@wanadoo.fr"},{"departement":"HAUTE LOIRE","ville":"SAINT ILPIZE","email":"contact@mairiest-ilpize.fr"},{"departement":"HAUTE LOIRE","ville":"SAINT JEAN D AUBRIGOUX","email":"mairie.stjeandaubrigoux@wanadoo.fr"},{"departement":"HAUTE LOIRE","ville":"SAINT JEAN DE NAY","email":""},{"departement":"HAUTE LOIRE","ville":"SAINT JEAN LACHALM","email":"mairie.stjeanlachalm@wanadoo.fr"},{"departement":"HAUTE LOIRE","ville":"SAINT JEURES","email":"mairie.stj@wanadoo.fr"},{"departement":"HAUTE LOIRE","ville":"SAINT JULIEN CHAPTEUIL","email":"mairiestjulienchapteuil@wanadoo.fr"},{"departement":"HAUTE LOIRE","ville":"SAINT JULIEN D ANCE","email":"mairie.stjuliendance@cegetel.net"},{"departement":"HAUTE LOIRE","ville":"SAINT JULIEN DES CHAZES","email":"mairie.saintjulien0726@orange.fr"},{"departement":"HAUTE LOIRE","ville":"SAINT JULIEN DU PINET","email":"mairie.saintjuliendupinet@orange.fr"},{"departement":"HAUTE LOIRE","ville":"SAINT JULIEN MOLHESABATE","email":"MAIRIE.ST-JULIEN-MOLHESABATE@wanadoo.fr"},{"departement":"HAUTE LOIRE","ville":"SAINT JUST MALMONT","email":"mairie@saintjustmalmont.fr"},{"departement":"HAUTE LOIRE","ville":"SAINT JUST PRES BRIOUDE","email":"mairie.stjustpresbrioude@orange.fr"},{"departement":"HAUTE LOIRE","ville":"SAINT LAURENT CHABREUGES","email":"mairie.st-laurent-chabreuges@wanadoo.fr"},{"departement":"HAUTE LOIRE","ville":"SAINT MARTIN DE FUGERES","email":"mairie.stmartindefugeres@orange.fr"},{"departement":"HAUTE LOIRE","ville":"SAINT MAURICE DE LIGNON","email":"mairie.st.maurice.de.lignon@wanadoo.fr"},{"departement":"HAUTE LOIRE","ville":"SAINT PAL DE MONS","email":"contact@mairie-saintpaldemons.fr"},{"departement":"HAUTE LOIRE","ville":"SAINT PAL DE SENOUIRE","email":"mairie-stpaldesenouire@wanadoo.fr"},{"departement":"HAUTE LOIRE","ville":"SAINT PAL EN CHALENCON","email":"stpal-chalencon@wanadoo.fr"},{"departement":"HAUTE LOIRE","ville":"SAINT PAUL DE TARTAS","email":"mairie.stpauldetartas@wanadoo.fr"},{"departement":"HAUTE LOIRE","ville":"SAINT PAULIEN","email":"mairie.saintpaulien@wanadoo.fr"},{"departement":"HAUTE LOIRE","ville":"SAINT PIERRE DU CHAMP","email":"commune-st-pierre-du-champ@wanadoo.fr"},{"departement":"HAUTE LOIRE","ville":"SAINT PIERRE EYNAC","email":"stpierreynac@wanadoo.fr"},{"departement":"HAUTE LOIRE","ville":"SAINT PREJET ARMANDON","email":"mairie.saint-prejet-armandon@orange.fr"},{"departement":"HAUTE LOIRE","ville":"SAINT PREJET D ALLIER","email":"mairie-st-prejet-dallier-43@wanadoo.fr"},{"departement":"HAUTE LOIRE","ville":"SAINT PRIVAT D ALLIER","email":"info@mairie-saintprivatdallier.fr"},{"departement":"HAUTE LOIRE","ville":"SAINT PRIVAT DU DRAGON","email":"st-privatdudragon@orange.fr"},{"departement":"HAUTE LOIRE","ville":"SAINT ROMAIN LACHALM","email":"mairie-st-romain@wanadoo.fr"},{"departement":"HAUTE LOIRE","ville":"SAINT VENERAND","email":"mairie.stvenerand@wanadoo.fr"},{"departement":"HAUTE LOIRE","ville":"SAINT VERT","email":"mairie.saintvert@orange.fr"},{"departement":"HAUTE LOIRE","ville":"SAINT VICTOR MALESCOURS","email":"commune.stvictormalescours@orange.fr"},{"departement":"HAUTE LOIRE","ville":"SAINT VICTOR SUR ARLANC","email":"mairie.st-victor-sur-arlanc@wanadoo.fr"},{"departement":"HAUTE LOIRE","ville":"SAINT VIDAL","email":"saintvidal.mairie@wanadoo.fr"},{"departement":"HAUTE LOIRE","ville":"SAINT VINCENT","email":"communesaintvincent@wanadoo.fr"},{"departement":"HAUTE LOIRE","ville":"SALETTES","email":"mairie.salettes702@orange.fr"},{"departement":"HAUTE LOIRE","ville":"SALZUIT","email":"mairiedesalzuit@wanadoo.fr"},{"departement":"HAUTE LOIRE","ville":"SANSSAC L EGLISE","email":"mairie.sanssac@orange.fr"},{"departement":"HAUTE LOIRE","ville":"SAUGUES","email":"accueil@mairie-saugues.com"},{"departement":"HAUTE LOIRE","ville":"SEMBADEL","email":"mairie.sembadel@wanadoo.fr"},{"departement":"HAUTE LOIRE","ville":"SENEUJOLS","email":"mairie.seneujols@wanadoo.fr"},{"departement":"HAUTE LOIRE","ville":"SIAUGUES SAINTE MARIE","email":"mairie.siauguestemarie@wanadoo.fr"},{"departement":"HAUTE LOIRE","ville":"SOLIGNAC SOUS ROCHE","email":"solignac-sous-r.mairie@orange.fr"},{"departement":"HAUTE LOIRE","ville":"SOLIGNAC SUR LOIRE","email":"mairie.solignacsurloire@wanadoo.fr"},{"departement":"HAUTE LOIRE","ville":"TAILHAC","email":"mairie.tailhac@wanadoo.fr"},{"departement":"HAUTE LOIRE","ville":"TENCE","email":"mairie@ville-tence.fr"},{"departement":"HAUTE LOIRE","ville":"THORAS","email":"mairiedethoras@orange.fr"},{"departement":"HAUTE LOIRE","ville":"TIRANGES","email":"mairie.tiranges@wanadoo.fr"},{"departement":"HAUTE LOIRE","ville":"TORSIAC","email":"mairie.torsiac@aliceadsl.fr"},{"departement":"HAUTE LOIRE","ville":"VALPRIVAS","email":"mairie@valprivas.com"},{"departement":"HAUTE LOIRE","ville":"VALS LE CHASTEL","email":"mairie.valslechastel@orange.fr"},{"departement":"HAUTE LOIRE","ville":"VALS PRES LE PUY","email":"mairie.vals@wanadoo.fr"},{"departement":"HAUTE LOIRE","ville":"VARENNES SAINT HONORAT","email":"communevarennes@orange.fr"},{"departement":"HAUTE LOIRE","ville":"VAZEILLES LIMANDRE","email":"mairie.vazeilles.limandre@wanadoo.fr"},{"departement":"HAUTE LOIRE","ville":"VAZEILLES PRES SAUGUES","email":"mairievazeillespressaugues@orange.fr"},{"departement":"HAUTE LOIRE","ville":"VENTEUGES","email":"mairieventeuges@wanadoo.fr"},{"departement":"HAUTE LOIRE","ville":"VERGEZAC","email":"vergezac.mairie@wanadoo.fr"},{"departement":"HAUTE LOIRE","ville":"VERGONGHEON","email":"mairie.vergongheon43@orange.fr"},{"departement":"HAUTE LOIRE","ville":"VERNASSAL","email":"mairie.vernassal@wanadoo.fr"},{"departement":"HAUTE LOIRE","ville":"VEZEZOUX","email":"mairie-de-vezezoux@wanadoo.fr"},{"departement":"HAUTE LOIRE","ville":"VIEILLE BRIOUDE","email":"mairie-vieille-brioude2@wanadoo.fr"},{"departement":"HAUTE LOIRE","ville":"VIELPRAT","email":"mairie.vielprat@orange.fr"},{"departement":"HAUTE LOIRE","ville":"VILLENEUVE D ALLIER","email":"mairie.villeneuvedallier@wanadoo.fr"},{"departement":"HAUTE LOIRE","ville":"VISSAC AUTEYRAC","email":"mairie-vissac-auteyrac@orange.fr"},{"departement":"HAUTE LOIRE","ville":"VOREY SUR ARZON","email":"mairie-de-vorey@wanadoo.fr"},{"departement":"HAUTE LOIRE","ville":"YSSINGEAUX","email":"ville.yssingeaux@wanadoo.fr"},{"departement":"HAUTE VIENNE","ville":"AIXE SUR VIENNE","email":"a-dumas@mairie-aixesurvienne.fr"},{"departement":"HAUTE VIENNE","ville":"AMBAZAC","email":"secretariat@mairie-ambazac.fr"},{"departement":"HAUTE VIENNE","ville":"ARNAC LA POSTE","email":"mairiearnaclaposte2@wanadoo.fr"},{"departement":"HAUTE VIENNE","ville":"AUGNE","email":"mairie.augne@wanadoo.fr"},{"departement":"HAUTE VIENNE","ville":"AUREIL","email":"mairie.aureil@wanadoo.fr"},{"departement":"HAUTE VIENNE","ville":"AZAT LE RIS","email":"mairie.azat@wanadoo.fr"},{"departement":"HAUTE VIENNE","ville":"BALLEDENT","email":"mairieballedent@wanadoo.fr"},{"departement":"HAUTE VIENNE","ville":"BEAUMONT DU LAC","email":"mairie.beaumontdulac@wanadoo.fr"},{"departement":"HAUTE VIENNE","ville":"BELLAC","email":"bellac@mairie-bellac.fr"},{"departement":"HAUTE VIENNE","ville":"BERNEUIL","email":"mairieberneuil@wanadoo.fr"},{"departement":"HAUTE VIENNE","ville":"BERSAC SUR RIVALIER","email":"mairiebersac@wanadoo.fr"},{"departement":"HAUTE VIENNE","ville":"BESSINES SUR GARTEMPE","email":"commune.de.bessines@wanadoo.fr"},{"departement":"HAUTE VIENNE","ville":"BEYNAC","email":"beynac.mairie@wanadoo.fr"},{"departement":"HAUTE VIENNE","ville":"BLANZAC","email":"mairie.blanzac@gmail.com"},{"departement":"HAUTE VIENNE","ville":"BLOND","email":""},{"departement":"HAUTE VIENNE","ville":"BOISSEUIL","email":"boisseuilnet@wanadoo.fr"},{"departement":"HAUTE VIENNE","ville":"BONNAC LA COTE","email":"mairie.bonnac@wanadoo.fr"},{"departement":"HAUTE VIENNE","ville":"BOSMIE L AIGUILLE","email":"secretariat@mairie-bosmie.fr"},{"departement":"HAUTE VIENNE","ville":"BREUILAUFA","email":"mairie.breuilaufa@wanadoo.fr"},{"departement":"HAUTE VIENNE","ville":"BUJALEUF","email":"mairie@bujaleuf.fr"},{"departement":"HAUTE VIENNE","ville":"BURGNAC","email":"mairie.burgnac@wanadoo.fr"},{"departement":"HAUTE VIENNE","ville":"BUSSIERE BOFFY","email":"info@webcommune.org"},{"departement":"HAUTE VIENNE","ville":"BUSSIERE GALANT","email":"mairie.bussiere.galant@wanadoo.fr"},{"departement":"HAUTE VIENNE","ville":"BUSSIERE POITEVINE","email":"mairie.bussiere.poitevine@wanadoo.fr"},{"departement":"HAUTE VIENNE","ville":"CHAILLAC SUR VIENNE","email":"chaillacsurvienne.mairie@wanadoo.fr"},{"departement":"HAUTE VIENNE","ville":"CHALUS","email":"mairie.chalus87@wanadoo.fr"},{"departement":"HAUTE VIENNE","ville":"CHAMBORET","email":"mairie.chamboret@wanadoo.fr"},{"departement":"HAUTE VIENNE","ville":"CHAMPAGNAC LA RIVIERE","email":"mairiechampagnelariviere@wanadoo.fr"},{"departement":"HAUTE VIENNE","ville":"CHAMPNETERY","email":"mairie.champnetery@wanadoo.fr"},{"departement":"HAUTE VIENNE","ville":"CHAMPSAC","email":"mairie.champsac@wanadoo.fr"},{"departement":"HAUTE VIENNE","ville":"CHAPTELAT","email":"chaptelat.limousin@wanadoo.fr"},{"departement":"HAUTE VIENNE","ville":"CHATEAU CHERVIX","email":"mairie.chateau-chervix@wanadoo.fr"},{"departement":"HAUTE VIENNE","ville":"CHATEAUNEUF LA FORET","email":"mairie.chateauneuf-la-foret@wanadoo.fr"},{"departement":"HAUTE VIENNE","ville":"CHATEAUPONSAC","email":"mairie.chateauponsac@wanadoo.fr"},{"departement":"HAUTE VIENNE","ville":"CHEISSOUX","email":"mairiecheissoux@wanadoo.fr"},{"departement":"HAUTE VIENNE","ville":"CHERONNAC","email":"mairie.cheronnac@wanadoo.fr"},{"departement":"HAUTE VIENNE","ville":"CIEUX","email":"mairie.cieux@wanadoo.fr"},{"departement":"HAUTE VIENNE","ville":"COGNAC LA FORET","email":"mairie.de.cognac.la.foret@wanadoo.fr"},{"departement":"HAUTE VIENNE","ville":"COMPREIGNAC","email":"mairiedecompreignac@wanadoo.fr"},{"departement":"HAUTE VIENNE","ville":"CONDAT SUR VIENNE","email":"contact@condatsurvienne.fr"},{"departement":"HAUTE VIENNE","ville":"COUSSAC BONNEVAL","email":"mairie.coussac.bonneval@wanadoo.fr"},{"departement":"HAUTE VIENNE","ville":"COUZEIX","email":"mairie@couzeix.fr"},{"departement":"HAUTE VIENNE","ville":"CROMAC","email":"mairie.cromac@wanadoo.fr"},{"departement":"HAUTE VIENNE","ville":"CUSSAC","email":"mairie-cussac@wanadoo.fr"},{"departement":"HAUTE VIENNE","ville":"DARNAC","email":"mairiedarnac@wanadoo.fr"},{"departement":"HAUTE VIENNE","ville":"DINSAC","email":"mairie.dinsac@wanadoo.fr"},{"departement":"HAUTE VIENNE","ville":"DOMPIERRE LES EGLISES","email":"mairie.dompierreleseglises@wanadoo.fr"},{"departement":"HAUTE VIENNE","ville":"DOMPS","email":"mairie-domps@orange.fr"},{"departement":"HAUTE VIENNE","ville":"DOURNAZAC","email":"mairie-dournazac@orange.fr"},{"departement":"HAUTE VIENNE","ville":"DROUX","email":"mairie.droux@wanadoo.fr"},{"departement":"HAUTE VIENNE","ville":"EYBOULEUF","email":"mairie.eybouleuf@wanadoo.fr"},{"departement":"HAUTE VIENNE","ville":"EYJEAUX","email":"mairie.eyjeaux@orange.fr"},{"departement":"HAUTE VIENNE","ville":"EYMOUTIERS","email":"mairie-eymoutiers@wanadoo.fr"},{"departement":"HAUTE VIENNE","ville":"FEYTIAT","email":"mairie@feytiat.fr"},{"departement":"HAUTE VIENNE","ville":"FLAVIGNAC","email":"mairie-flavignac@wanadoo.fr"},{"departement":"HAUTE VIENNE","ville":"FOLLES","email":"mairie.folles@wanadoo.fr"},{"departement":"HAUTE VIENNE","ville":"FROMENTAL","email":"mairiefromental@wanadoo.fr"},{"departement":"HAUTE VIENNE","ville":"GAJOUBERT","email":"mairie.gajoubert@wanadoo.fr"},{"departement":"HAUTE VIENNE","ville":"GLANDON","email":"mairie.glandon@wanadoo.fr"},{"departement":"HAUTE VIENNE","ville":"GLANGES","email":"mairie-de-glanges@wanadoo.fr"},{"departement":"HAUTE VIENNE","ville":"GORRE","email":"mairie.gorre@wanadoo.fr"},{"departement":"HAUTE VIENNE","ville":"ISLE","email":"mairie.isle87@wanadoo.fr"},{"departement":"HAUTE VIENNE","ville":"JABREILLES LES BORDES","email":"mairie.jabreilles@wanadoo.fr"},{"departement":"HAUTE VIENNE","ville":"JANAILHAC","email":"mairie.janailhac@wanadoo.fr"},{"departement":"HAUTE VIENNE","ville":"JAVERDAT","email":"mairiedejaverdat@wanadoo.fr"},{"departement":"HAUTE VIENNE","ville":"JOUAC","email":"mairiejouac@viveole.com"},{"departement":"HAUTE VIENNE","ville":"JOURGNAC","email":"mairie.jourgnac@wanadoo.fr"},{"departement":"HAUTE VIENNE","ville":"LA BAZEUGE","email":"mairielabazeuge@wanadoo.fr"},{"departement":"HAUTE VIENNE","ville":"LA CHAPELLE MONTBRANDEIX","email":"chapelle-montbrandeix@orange.fr"},{"departement":"HAUTE VIENNE","ville":"LA CROISILLE SUR BRIANCE","email":"mairie.lacroisille@orange.fr"},{"departement":"HAUTE VIENNE","ville":"LA CROIX SUR GARTEMPE","email":"mairie.croix.gartempe@wanadoo.fr"},{"departement":"HAUTE VIENNE","ville":"LADIGNAC LE LONG","email":"mairie.ladignac@wanadoo.fr"},{"departement":"HAUTE VIENNE","ville":"LA GENEYTOUSE","email":"mairie.lageneytouse@wanadoo.fr"},{"departement":"HAUTE VIENNE","ville":"LA JONCHERE SAINT MAURICE","email":"mairiedelajonchere@wanadoo.fr"},{"departement":"HAUTE VIENNE","ville":"LA MEYZE","email":"mairie.la.meyze@wanadoo.fr"},{"departement":"HAUTE VIENNE","ville":"LA PORCHERIE","email":"mairie.laporcherie@wanadoo.fr"},{"departement":"HAUTE VIENNE","ville":"LA ROCHE L ABEILLE","email":"larochelabeille.mairie@wanadoo.fr"},{"departement":"HAUTE VIENNE","ville":"LAURIERE","email":"mairie.lauriere@wanadoo.fr"},{"departement":"HAUTE VIENNE","ville":"LAVIGNAC","email":"mairie.lavignac@orange.fr"},{"departement":"HAUTE VIENNE","ville":"LE BUIS","email":"mairie.le-buisson@wanadoo.fr"},{"departement":"HAUTE VIENNE","ville":"LE CHALARD","email":"mairieduchalard@wanadoo.fr"},{"departement":"HAUTE VIENNE","ville":"LE CHATENET EN DOGNON","email":"mairie-du-chatenet-en-dognon@orange.fr"},{"departement":"HAUTE VIENNE","ville":"LE DORAT","email":"mairie.ledorat@wanadoo.fr"},{"departement":"HAUTE VIENNE","ville":"LE PALAIS SUR VIENNE","email":"affairesgenerales@lepalaissurvienne.fr"},{"departement":"HAUTE VIENNE","ville":"LES BILLANGES","email":"mairiedesbillanges@aliceadsl.fr"},{"departement":"HAUTE VIENNE","ville":"LES CARS","email":"mairie.les-cars87@wanadoo.fr"},{"departement":"HAUTE VIENNE","ville":"LES GRANDS CHEZEAUX","email":"mairie-les-grands-chezeaux@wanadoo.fr"},{"departement":"HAUTE VIENNE","ville":"LES SALLES LAVAUGUYON","email":"mairiedessalleslavauguyon@wanadoo.fr"},{"departement":"HAUTE VIENNE","ville":"LE VIGEN","email":"mairie-le-vigen@wanadoo.fr"},{"departement":"HAUTE VIENNE","ville":"LIMOGES","email":"lemaire@ville-limoges.fr"},{"departement":"HAUTE VIENNE","ville":"LINARDS","email":"mairie.linards@wanadoo.fr"},{"departement":"HAUTE VIENNE","ville":"LUSSAC LES EGLISES","email":"mairie.lussac.les.eglises@wanadoo.fr"},{"departement":"HAUTE VIENNE","ville":"MAGNAC BOURG","email":"mairie.magnac-bourg@wanadoo.fr"},{"departement":"HAUTE VIENNE","ville":"MAGNAC LAVAL","email":"mairie.magnaclaval@wanadoo.fr"},{"departement":"HAUTE VIENNE","ville":"MAILHAC SUR BENAIZE","email":"secretariat.mairiemailhac@wanadoo.fr"},{"departement":"HAUTE VIENNE","ville":"MAISONNAIS SUR TARDOIRE","email":"mairie.maisonnais.sur.tardoire@wanadoo.fr"},{"departement":"HAUTE VIENNE","ville":"MARVAL","email":"mairie-marval@wanadoo.fr"},{"departement":"HAUTE VIENNE","ville":"MASLEON","email":"mairiedemasleon@orange.fr"},{"departement":"HAUTE VIENNE","ville":"MEILHAC","email":"mairie.meilhac@wanadoo.fr"},{"departement":"HAUTE VIENNE","ville":"MEUZAC","email":"mairie.meuzac@wanadoo.fr"},{"departement":"HAUTE VIENNE","ville":"MEZIERES SUR ISSOIRE","email":"mezieres-issoire@wanadoo.fr"},{"departement":"HAUTE VIENNE","ville":"MOISSANNES","email":"mairie-de-moissannes@wanadoo.fr"},{"departement":"HAUTE VIENNE","ville":"MONTROL SENARD","email":"mairie.montrolsenard@wanadoo.fr"},{"departement":"HAUTE VIENNE","ville":"MORTEMART","email":"mairiemortemart@wanadoo.fr"},{"departement":"HAUTE VIENNE","ville":"NANTIAT","email":"commune.nantiat@wanadoo.fr"},{"departement":"HAUTE VIENNE","ville":"NEDDE","email":"mairie.nedde@wanadoo.fr"},{"departement":"HAUTE VIENNE","ville":"NEUVIC ENTIER","email":"mairie.neuvic-entier@wanadoo.fr"},{"departement":"HAUTE VIENNE","ville":"NEXON","email":"mairie.nexon@wanadoo.fr"},{"departement":"HAUTE VIENNE","ville":"NIEUL","email":"mairie.nieul@wanadoo.fr"},{"departement":"HAUTE VIENNE","ville":"NOUIC","email":"mairie.nieul@wanadoo.fr"},{"departement":"HAUTE VIENNE","ville":"ORADOUR SAINT GENEST","email":"oradour.st.genest@wanadoo.fr"},{"departement":"HAUTE VIENNE","ville":"ORADOUR SUR GLANE","email":"accueil.mairie.osg@wanadoo.fr"},{"departement":"HAUTE VIENNE","ville":"ORADOUR SUR VAYRES","email":"villeoradoursurvayres@wanadoo.fr"},{"departement":"HAUTE VIENNE","ville":"PAGEAS","email":"communedepageas@wanadoo.fr"},{"departement":"HAUTE VIENNE","ville":"PANAZOL","email":"mairie@mairie-panazol.fr"},{"departement":"HAUTE VIENNE","ville":"PENSOL","email":"mairie.de.pensol@wanadoo.fr"},{"departement":"HAUTE VIENNE","ville":"PEYRAT DE BELLAC","email":"mairiedepeyratdebellac@wanadoo.fr"},{"departement":"HAUTE VIENNE","ville":"PEYRAT LE CHATEAU","email":"mairie-peyratlechateau87@wanadoo.fr"},{"departement":"HAUTE VIENNE","ville":"PEYRILHAC","email":"mairie-de-peyrilhac@wanadoo.fr"},{"departement":"HAUTE VIENNE","ville":"PIERRE BUFFIERE","email":"mairie.pierrebuffiere@wanadoo.fr"},{"departement":"HAUTE VIENNE","ville":"RANCON","email":"mairie.rancon@wanadoo.fr"},{"departement":"HAUTE VIENNE","ville":"RAZES","email":"mairie.raze@wanadoo.fr"},{"departement":"HAUTE VIENNE","ville":"REMPNAT","email":"mairie.rempnat@wanadoo.fr"},{"departement":"HAUTE VIENNE","ville":"RILHAC LASTOURS","email":"rilhac-lastours87@orange.fr"},{"departement":"HAUTE VIENNE","ville":"RILHAC RANCON","email":"mairie.rilhac-rancon-87@wanadoo.fr"},{"departement":"HAUTE VIENNE","ville":"ROCHECHOUART","email":"mairie@rochechouart.com"},{"departement":"HAUTE VIENNE","ville":"ROUSSAC","email":"mairie.roussac@wanadoo.fr"},{"departement":"HAUTE VIENNE","ville":"ROYERES","email":"mairieroyeres@orange.fr"},{"departement":"HAUTE VIENNE","ville":"ROZIERS SAINT GEORGES","email":"mairiederoziersstgeorges@wanadoo.fr"},{"departement":"HAUTE VIENNE","ville":"SAILLAT SUR VIENNE","email":"saillat-mairie@wanadoo.fr"},{"departement":"HAUTE VIENNE","ville":"SAINT AMAND LE PETIT","email":"mairie.stamandlepetit@wanadoo.fr"},{"departement":"HAUTE VIENNE","ville":"SAINT AMAND MAGNAZEIX","email":"mairie.st.amand.magnx@wanadoo.fr"},{"departement":"HAUTE VIENNE","ville":"SAINT AUVENT","email":"mairie.de.saint-auvent@wanadoo.fr"},{"departement":"HAUTE VIENNE","ville":"SAINT BARBANT","email":"saint-barbant.commune@wanadoo.fr"},{"departement":"HAUTE VIENNE","ville":"SAINT BAZILE","email":""},{"departement":"HAUTE VIENNE","ville":"SAINT BONNET BRIANCE","email":"st-bonnet-briance.mairie@orange.fr"},{"departement":"HAUTE VIENNE","ville":"SAINT BONNET DE BELLAC","email":"mairie.stbonnetdebellac@wanadoo.fr"},{"departement":"HAUTE VIENNE","ville":"SAINT BRICE SUR VIENNE","email":"mairiest.brice@wanadoo.fr"},{"departement":"HAUTE VIENNE","ville":"SAINT CYR","email":"mairie.stcyr@wanadoo.fr"},{"departement":"HAUTE VIENNE","ville":"SAINT DENIS DES MURS","email":"saintdenisdesmurs@free.fr"},{"departement":"HAUTE VIENNE","ville":"SAINTE ANNE SAINT PRIEST","email":"mairie.sainte.anne.saint.priest@wanadoo.fr"},{"departement":"HAUTE VIENNE","ville":"SAINTE MARIE DE VAUX","email":"commune.saintemariedevaux@wanadoo.fr"},{"departement":"HAUTE VIENNE","ville":"SAINT GENCE","email":"mairie.saintgence@wanadoo.fr"},{"departement":"HAUTE VIENNE","ville":"SAINT GENEST SUR ROSELLE","email":"mairiestgenest@wanadoo.fr"},{"departement":"HAUTE VIENNE","ville":"SAINT GEORGES LES LANDES","email":"mairies.sgll@wanadoo.fr"},{"departement":"HAUTE VIENNE","ville":"SAINT GERMAIN LES BELLES","email":"mairiedesaintgermainlesbelles@wanadoo.fr"},{"departement":"HAUTE VIENNE","ville":"SAINT GILLES LES FORETS","email":"mairie-st-gilles-les-forets@wanadoo.fr"},{"departement":"HAUTE VIENNE","ville":"SAINT HILAIRE BONNEVAL","email":"mairiesainthilairebonneval@orange.fr"},{"departement":"HAUTE VIENNE","ville":"SAINT HILAIRE LA TREILLE","email":"mairie.saint.hilaire.la.treille@wanadoo.fr"},{"departement":"HAUTE VIENNE","ville":"SAINT HILAIRE LES PLACES","email":"mairie-saint.hilaire@wanadoo.fr"},{"departement":"HAUTE VIENNE","ville":"SAINT JEAN LIGOURE","email":"mairiesaintjeanligoure@orange.fr"},{"departement":"HAUTE VIENNE","ville":"SAINT JOUVENT","email":"mairie.stjouvent@wanadoo.fr"},{"departement":"HAUTE VIENNE","ville":"SAINT JULIEN LE PETIT","email":"mairie.saintjulien@free.fr"},{"departement":"HAUTE VIENNE","ville":"SAINT JUNIEN","email":"nlavergne@saint-junien.fr"},{"departement":"HAUTE VIENNE","ville":"SAINT JUNIEN LES COMBES","email":"mairie.junien@orange.fr"},{"departement":"HAUTE VIENNE","ville":"SAINT JUST LE MARTEL","email":"mairie.stjustlemartel@wanadoo.fr"},{"departement":"HAUTE VIENNE","ville":"SAINT LAURENT LES EGLISES","email":"mairie-st-laurent-les-eglises@wanadoo.fr"},{"departement":"HAUTE VIENNE","ville":"SAINT LAURENT SUR GORRE","email":"mairie.stlaurent.gorre@wanadoo.fr"},{"departement":"HAUTE VIENNE","ville":"SAINT LEGER LA MONTAGNE","email":"commune.saintlegerlamontagne@wanadoo.fr"},{"departement":"HAUTE VIENNE","ville":"SAINT LEGER MAGNAZEIX","email":"mairiestleger@wanadoo.fr"},{"departement":"HAUTE VIENNE","ville":"SAINT LEONARD DE NOBLAT","email":"accueil@ville-saint-leonard.fr"},{"departement":"HAUTE VIENNE","ville":"SAINT MARTIAL SUR ISOP","email":"mairiestmartials.isop@wanadoo.fr"},{"departement":"HAUTE VIENNE","ville":"SAINT MARTIN DE JUSSAC","email":"commune.saintmartindejussac@wanadoo.fr"},{"departement":"HAUTE VIENNE","ville":"SAINT MARTIN LE MAULT","email":"mairie.smlm@wanadoo.fr"},{"departement":"HAUTE VIENNE","ville":"SAINT MARTIN LE VIEUX","email":"mairie.smlv@wanadoo.fr"},{"departement":"HAUTE VIENNE","ville":"SAINT MARTIN TERRESSUS","email":"mairie@st-martin-terressus.fr"},{"departement":"HAUTE VIENNE","ville":"SAINT MATHIEU","email":"mairie.saint.mathieu@wanadoo.fr"},{"departement":"HAUTE VIENNE","ville":"SAINT MAURICE LES BROUSSES","email":"mairie.stmaurice87@free.fr"},{"departement":"HAUTE VIENNE","ville":"SAINT MEARD","email":"mairie-de-saint-meard@wanadoo.fr"},{"departement":"HAUTE VIENNE","ville":"SAINT OUEN SUR GARTEMPE","email":"mairie-st-ouen-sur-gartempe@wanadoo.fr"},{"departement":"HAUTE VIENNE","ville":"SAINT PARDOUX","email":"commune.saint.pardoux@orange.fr"},{"departement":"HAUTE VIENNE","ville":"SAINT PAUL","email":"mairie-stpaul87@wanadoo.fr"},{"departement":"HAUTE VIENNE","ville":"SAINT PRIEST LIGOURE","email":"stpriestligoure.mairie@wanadoo.fr"},{"departement":"HAUTE VIENNE","ville":"SAINT PRIEST SOUS AIXE","email":"mairie-de-st-priest-sous-aixe@wanadoo.fr"},{"departement":"HAUTE VIENNE","ville":"SAINT PRIEST TAURION","email":"st-priest-taurion@wanadoo.fr"},{"departement":"HAUTE VIENNE","ville":"SAINT SORNIN LA MARCHE","email":"st.sornin.marche@wanadoo.fr"},{"departement":"HAUTE VIENNE","ville":"SAINT SORNIN LEULAC","email":"mairie.st-sornin-leulac@wanadoo.fr"},{"departement":"HAUTE VIENNE","ville":"SAINT SULPICE LAURIERE","email":"mairie-de-stsulpice-lauriere@wanadoo.fr"},{"departement":"HAUTE VIENNE","ville":"SAINT SULPICE LES FEUILLES","email":"st.sulpice.les.feuilles@wanadoo.fr"},{"departement":"HAUTE VIENNE","ville":"SAINT SYLVESTRE","email":"mairie.stsylv@wanadoo.fr"},{"departement":"HAUTE VIENNE","ville":"SAINT SYMPHORIEN SUR COUZE","email":"commune-st-symphorien@orange.fr"},{"departement":"HAUTE VIENNE","ville":"SAINT VICTURNIEN","email":"mairie.stvicturnien@wanadoo.fr"},{"departement":"HAUTE VIENNE","ville":"SAINT VITTE SUR BRIANCE","email":"mairiestvittesurbriance@orange.fr"},{"departement":"HAUTE VIENNE","ville":"SAINT YRIEIX LA PERCHE","email":"secretariat@saint-yrieix.fr"},{"departement":"HAUTE VIENNE","ville":"SAINT YRIEIX SOUS AIXE","email":"mairie.saint-yrieix-sous-aixe@wanadoo.fr"},{"departement":"HAUTE VIENNE","ville":"SAUVIAT SUR VIGE","email":"mairie.sauviat@wanadoo.fr"},{"departement":"HAUTE VIENNE","ville":"SEREILHAC","email":"mairie.sereilhac@wanadoo.fr"},{"departement":"HAUTE VIENNE","ville":"SOLIGNAC","email":"mairie-solignac@wanadoo.fr"},{"departement":"HAUTE VIENNE","ville":"SURDOUX","email":"mairie.surdoux@orange.fr"},{"departement":"HAUTE VIENNE","ville":"SUSSAC","email":"mairiesussac@wanadoo.fr"},{"departement":"HAUTE VIENNE","ville":"TERSANNES","email":"mairie.tersannes@wanadoo.fr"},{"departement":"HAUTE VIENNE","ville":"THIAT","email":"mairie.thiat@wanadoo.fr"},{"departement":"HAUTE VIENNE","ville":"THOURON","email":"mairie.thouron@wanadoo.fr"},{"departement":"HAUTE VIENNE","ville":"VAULRY","email":"mairie.vaulry@wanadoo.fr"},{"departement":"HAUTE VIENNE","ville":"VAYRES","email":"mairie-vayres@wanadoo.fr"},{"departement":"HAUTE VIENNE","ville":"VERNEUIL MOUSTIERS","email":"mairie.verneuil-moustiers@wanadoo.fr"},{"departement":"HAUTE VIENNE","ville":"VERNEUIL SUR VIENNE","email":"mairie-verneuil-vienne@wanadoo.fr"},{"departement":"HAUTE VIENNE","ville":"VEYRAC","email":"mairie.de.veyrac@wanadoo.fr"},{"departement":"HAUTE VIENNE","ville":"VICQ SUR BREUILH","email":"mairie.vicq@wanadoo.fr"},{"departement":"HAUTE VIENNE","ville":"VIDEIX","email":"commune-de-videix@wanadoo.fr"},{"departement":"HAUTE VIENNE","ville":"VILLEFAVARD","email":"mairie.villefavard@wanadoo.fr"}]