ABLEIGES,mairie.ableiges95@wanadoo.fr
AINCOURT,mairie.aincourt@wanadoo.fr
AMBLEVILLE,mairie.ambleville@wanadoo.fr
AMENUCOURT,mairie.amenucourt@wanadoo.fr
ANDILLY,mairie.andilly@wanadoo.fr
ARGENTEUIL,christian.bournery@ville-argenteuil.fr
ARNOUVILLE-LES-GONESSE,webmaster@villedarnouville.com
ARRONVILLE,arronville@wanadoo.fr
ARTHIES,mairie-arthies-95@wanadoo.fr
ASNIERES-SUR-OISE,herve.pellin@ville-asnieres-sur-oise.fr
ATTAINVILLE,mairie@attainville.fr
AUVERS-SUR-OISE,communication@auvers-sur-oise.com
AVERNES,mairie.avernes@orange.fr
BAILLET-EN-FRANCE,info@baillet-en-france.fr
BANTHELU,mairie.banthelu@wanadoo.fr
BEAUCHAMP,accueil-mairie@ville-beauchamp.fr
BEAUMONT-SUR-OISE,beaumont.sg@wanadoo.fr
BELLEFONTAINE,mairiebellefontaine2@wanadoo.fr
BELLOY-EN-FRANCE,secretariat@mairie-belloy-en-france.fr
BERNES-SUR-OISE,mairiebernes@wanadoo.fr
BERVILLE,mairie.de.berville@wanadoo.fr
BESSANCOURT,melody.quesnel@ville-bessancourt.fr
BETHEMONT-LA-FORET,mairie.bethemont-laforet@wanadoo.fr
BEZONS,courrier@mairie-bezons.fr
BOISEMONT,commune.boisemont@wanadoo.fr
BOISSY-L'AILLERIE,mairie.boissy-laillerie@wanadoo.fr
BONNEUIL-EN-FRANCE,bonneuil-en-france95@orange.fr
BOUFFEMONT,info@ville-bouffemont.fr
BOUQUEVAL,mairiebouqueval@wanadoo.fr
BRAY-ET-LU,mairie.brayetlu@wanadoo.fr
BREANCON,mairie.breancon@wanadoo.fr
BRIGNANCOURT,brignancourt@wanadoo.fr
BRUYERES-SUR-OISE,mairie.bruyeres.sur.oise@wanadoo.fr
BUHY,mairie.buhy@wanadoo.fr
BUTRY-SUR-OISE,mairiedebutrysuroise@wanadoo.fr
CERGY,contact@ville-cergy.fr
CHAMPAGNE-SUR-OISE,cjacqueline@villedechampagne.fr
CHARMONT,mairie.charmont@wanadoo.fr
CHARS,mairie.chars@wanadoo.fr
CHATENAY-EN-FRANCE,
CHAUMONTEL,mairie.chaumontel@wanadoo.fr
CHAUSSY,mairie.chaussy@wanadoo.fr
CHAUVRY,mairie.de.chauvry@wanadoo.fr
CHENNEVIERES-LES-LOUVRES,mairie.chennevieres@wanadoo.fr
CHERENCE,mairie.cherence@wanadoo.fr
CLERY-EN-VEXIN,commune-de-clery@wanadoo.fr
COMMENY,mairiecommeny@wanadoo.fr
CONDECOURT,mairie.condecourt@wanadoo.fr
CORMEILLES-EN-PARISIS,contact@ville-cormeilles95.fr
CORMEILLES-EN-VEXIN,mairie-cormeillesenvexin@wanadoo.fr
COURCELLES-SUR-VIOSNE,mairie-courcellessurviosne95@wanadoo.fr
COURDIMANCHE,communication@ville-courdimanche.fr
DEUIL-LA-BARRE,accueil@mairie-deuillabarre.fr
DOMONT,mairiedomont@magic.fr
EAUBONNE,information@eaubonne.fr
ECOUEN,contact@ecouen.fr
ENGHIEN-LES-BAINS,direction.generale@enghien95.fr
ENNERY,mairie@ennery.fr
EPIAIS-LES-LOUVRES,mairieepiais-leslouvres@wanadoo.fr
EPIAIS-RHUS,mairie.epiais-rhus@wanadoo.fr
EPINAY-CHAMPLATREUX,mairie.ep.champlatreux@wanadoo.fr
ERAGNY-SUR-OISE,bureauetconseil@eragny.fr
ERMONT,mairie@ville-ermont.fr
EZANVILLE,secret.mairie@ezanville.fr
FONTENAY-EN-PARISIS,mairiefontenay@roissy-online.com
FOSSES,contact@ville-fosses95.fr
FRANCONVILLE,Communication@ville-franconville.fr
FREMAINVILLE,fremainville-mairie@wanadoo.fr
FREMECOURT,mairiefremecourt@orange.fr
FREPILLON,mairie@frepillon.fr
FROUVILLE,mairie-frouville95@wanadoo.fr
GADANCOURT,mairie-gadancourt@orange.fr
GARGES-LES-GONESSE,communication@villedegarges.com
GENAINVILLE,mairie-genainville@wanadoo.fr
GENICOURT,mairie.genicourt@wanadoo.fr
GONESSE,contact@villaeroport.org
GOUSSAINVILLE,maire@ville-goussainville.fr
GOUZANGREZ,mairiedegouzangrez@orange.fr
GRISY-LES-PLATRES,
GROSLAY,assistante_du_maire@mairie-groslay.fr
GUIRY-EN-VEXIN,mairie.guiry-en-vexin@wanadoo.fr
HARAVILLIERS,commune.haravilliers@orange.fr
HAUTE-ISLE,mairie-hauteisle@wanadoo.fr
HEDOUVILLE,mairie-hedouville@wanadoo.fr
HERBLAY,mairie@herblay.fr
HEROUVILLE,mairie@herouville-en-vexin.net
HODENT,mairie.hodent@orange.fr
JAGNY-SOUS-BOIS,mairie.jagny-sous-bois@wanadoo.fr
JOUY-LE-MOUTIER,secretariatgeneral@jouylemoutier.fr
LABBEVILLE,mairie@labbeville.fr
LA-CHAPELLE-EN-VEXIN,la-chapelle-en-vexin@wanadoo.fr
LA-FRETTE-SUR-SEINE,mairie@ville-la-frette95.fr
LA-ROCHE-GUYON,mairie.larocheguyon@wanadoo.fr
LASSY,
LE-BELLAY-EN-VEXIN,mairie.bellay@wanadoo.fr
LE-HEAULME,mairie.le.heaulme@cegetel.net
LE-MESNIL-AUBRY,mairie.mesnil-aubry@wanadoo.fr
LE-PERCHAY,mairie.leperchay@wanadoo.fr
LE-PLESSIS-BOUCHARD,mairie@ville-le-plessis-bouchard.fr
LE-PLESSIS-GASSOT,le.plessis.gassot@wanadoo.fr
LE-PLESSIS-LUZARCHES,mairieplessisluzarches@orange.fr
LE-THILLAY,p.bezillot@mairie-le-thillay.fr
L'ISLE-ADAM,m.martin@ville-isle-adam.fr
LIVILLIERS,mairie-de-livilliers@wanadoo.fr
LONGUESSE,mairie.longuesse@orange.fr
LOUVRES,communication@ville-louvres.fr
LUZARCHES,v.coquillard@luzarches.net
MAFFLIERS,mairie-maffliers@wanadoo.fr
MAGNY-EN-VEXIN,mairie@magny-en-vexin.fr
MAREIL-EN-FRANCE,mairie.mareil.france@wanadoo.fr
MARGENCY,info@mairie-margency.fr
MARINES,mairie.marines@wanadoo.fr
MARLY-LA-VILLE,
MAUDETOUR-EN-VEXIN,mairie.maudetour@wanadoo.fr
MENOUVILLE,
MENUCOURT,communication@menucourt.fr
MERIEL,accueil.mairie@ville-de-meriel.fr
MERY-SUR-OISE,services.administratifs@merysuroise.fr
MOISSELLES,mairie.moisselles@orange.fr
MONTGEROULT,mairie-de-montgeroult@wanadoo.fr
MONTIGNY-LES-CORMEILLES,communication@ville-montigny95.fr
MONTLIGNON,mairie.montlignon@wanadoo.fr
MONTMAGNY,communication@ville-montmagny.fr
MONTMORENCY,directiongenerale@ville-montmorency.fr
MONTREUIL-SUR-EPTE,mairiemontreuilept@orange.fr
MONTSOULT,mairie-montsoult@wanadoo.fr
MOURS,secretaire.mairie.mours@wanadoo.fr
MOUSSY,mairie.de.st.denis.catus@wanadoo.fr
NERVILLE-LA-FORET,mairie-nerville95@wanadoo.fr
NESLES-LA-VALLEE,pontenay@wanadoo.fr
NEUILLY-EN-VEXIN,
NEUVILLE-SUR-OISE,affgenerales@neuville-sur-oise.fr
NOINTEL,nointel-mairie@wanadoo.fr
NOISY-SUR-OISE,mairie.de.noisy.sur.oise@wanadoo.fr
NUCOURT,mairie.nucourt@wanadoo.fr
OMERVILLE,Mairie.omerville@orange.fr
OSNY,communication@ville-osny.fr
PARMAIN,communication@ville-parmain.fr
PERSAN,mairie@ville-persan.fr
PIERRELAYE,mairie@ville-pierrelaye.fr
PISCOP,mairie.piscop@wanadoo.fr
PONTOISE,mairie@ville-pontoise.fr
PRESLES,mairie@ville-presles.fr
PUISEUX-EN-FRANCE,vsimil@roissy-online.com
PUISEUX-PONTOISE,mairie.puiseux-pontoise.95@wanadoo.fr
ROISSY-EN-FRANCE,accueil@ville-roissy95.fr
RONQUEROLLES,mairie.ronquerolles95@wanadoo.fr
SAGY,mairie.sagy@wanadoo.fr
SAINT-BRICE-SOUS-FORET,info@saintbrice95.fr
SAINT-CLAIR-SUR-EPTE,mairie-stclairsurepte@orange.fr
SAINT-CYR-EN-ARTHIES,mairie.stcyrenarthies@wanadoo.fr
SAINT-GERVAIS,mairie.saintgervais@wanadoo.fr
SAINT-GRATIEN,info@mairie-saintgratien.fr
SAINT-LEU-LA-FORET,mairie@saint-leu-la-foret.fr
SAINT-MARTIN-DU-TERTRE,mairiesaintmartindutertre@wanadoo.fr
SAINT-OUEN-L'AUMONE,courrier@ville-saintouenlaumone.fr
SAINT-PRIX,communication@saintprix.fr
SAINT-WITZ,mairie@saint-witz.fr
SANNOIS,secretariat.general@sannois.org
SANTEUIL,mairie@santeuil95.fr
SARCELLES,comsarcelles@yahoo.fr
SERAINCOURT,mairie.seraincourt95@wanadoo.fr
SEUGY,mairie.seugy@wanadoo.fr
SOISY-SOUS-MONTMORENCY,mairie@soisy-sous-montmorency.fr
SURVILLIERS,vincent@roissy-online.com
TAVERNY,mairie@ville-taverny.fr
THEMERICOURT,mairie.themericourt@wanadoo.fr
THEUVILLE,mairie.theuville.mts@wanadoo.fr
US,mairie.us.95@wanadoo.fr
VALLANGOUJARD,secretariat@vallangoujard.fr
VALMONDOIS,mairievalmondois@gmail.com
VAUDHERLAND,
VAUREAL,communication@mairie-vaureal.fr
VEMARS,sandrine_ravenel@yahoo.fr
VETHEUIL,mairiedevetheuil@orange.fr
VIARMES,ville-viarmes@wanadoo.fr
VIENNE-EN-ARTHIES,mairie.viennearthies@wanadoo.fr
VIGNY,mairie.vigny@wanadoo.fr
VILLAINES-SOUS-BOIS,mairie@villaines-sous-bois.fr
VILLERON,accueilvilleron@roissy-online.com
VILLERS-EN-ARTHIES,mairie.villers@free.fr
VILLIERS-ADAM,mairie.villiersadam@wanadoo.fr
VILLIERS-LE-BEL,secretariatgeneral@ville-villiers-le-bel.fr
VILLIERS-LE-SEC,mairie.villiers-le-sec@wanadoo.fr
WY-DIT-JOLI-VILLAGE,mairie.wy-dit-joli-village@wanadoo.fr